{"stats":{"minecraft:mined":{"minecraft:spruce_planks":166,"minecraft:deepslate_diamond_ore":3,"minecraft:spruce_trapdoor":1,"minecraft:grass_block":80,"minecraft:spruce_fence":2,"minecraft:spruce_leaves":13,"minecraft:rooted_dirt":8,"minecraft:large_fern":10,"minecraft:hay_block":16,"minecraft:tall_seagrass":1,"minecraft:spruce_sapling":2,"minecraft:carrots":26,"minecraft:iron_ore":18,"minecraft:cobbled_deepslate":2,"minecraft:fire":16,"minecraft:stripped_spruce_log":12,"minecraft:deepslate_iron_ore":33,"minecraft:dirt_path":15,"minecraft:stone":142,"minecraft:iron_block":1,"minecraft:spruce_slab":2,"minecraft:podzol":2,"minecraft:powder_snow":69,"minecraft:crafting_table":4,"minecraft:lectern":20,"minecraft:tall_grass":31,"minecraft:wall_torch":1,"minecraft:spruce_stairs":68,"minecraft:seagrass":1,"minecraft:coarse_dirt":5,"minecraft:wheat":26,"minecraft:sweet_berry_bush":54,"minecraft:ice":1,"minecraft:spruce_log":41,"minecraft:birch_leaves":1,"minecraft:yellow_bed":6,"minecraft:grass":601,"minecraft:coal_ore":20,"minecraft:gravel":3,"minecraft:sand":8,"minecraft:dirt":129,"minecraft:cobweb":17,"minecraft:smooth_basalt":8,"minecraft:oak_leaves":6,"minecraft:deepslate":74,"minecraft:fern":5},"minecraft:killed":{"minecraft:slime":4,"minecraft:salmon":3,"minecraft:creeper":2,"minecraft:zombie":4,"alexsmobs:fly":1,"minecraft:cow":5},"minecraft:broken":{"minecraft:iron_shovel":2,"minecraft:iron_axe":2,"minecraft:wooden_sword":1,"minecraft:iron_pickaxe":1},"minecraft:crafted":{"minecraft:wooden_sword":2,"minecraft:spruce_fence":15,"minecraft:hopper":4,"minecraft:stone_brick_slab":6,"minecraft:spruce_stairs":240,"sophisticatedbackpacks:copper_backpack":1,"minecraft:iron_axe":2,"minecraft:iron_hoe":1,"minecraft:spruce_slab":54,"minecraft:stone_pickaxe":2,"minecraft:chest":9,"minecraft:spruce_boat":3,"sophisticatedbackpacks:iron_backpack":1,"minecraft:wheat":432,"sophisticatedbackpacks:backpack":1,"minecraft:spruce_sign":9,"minecraft:crafting_table":6,"minecraft:spruce_planks":1204,"minecraft:wooden_pickaxe":1,"sophisticatedbackpacks:gold_backpack":1,"minecraft:bucket":1,"minecraft:bread":134,"minecraft:spruce_trapdoor":4,"minecraft:white_wool":4,"minecraft:wooden_hoe":1,"minecraft:stick":104,"minecraft:iron_ingot":171,"minecraft:iron_pickaxe":2,"minecraft:iron_shovel":3,"minecraft:white_bed":1,"minecraft:composter":2,"minecraft:spruce_fence_gate":1,"minecraft:torch":12},"minecraft:used":{"betterarcheology:iron_brush":3,"minecraft:iron_shovel":741,"minecraft:spruce_slab":9,"minecraft:chest":4,"minecraft:spruce_planks":368,"minecraft:torch":12,"minecraft:dirt":218,"minecraft:hopper":4,"minecraft:chainmail_chestplate":1,"minecraft:spruce_stairs":269,"minecraft:carrot":54,"minecraft:spruce_fence":17,"minecraft:snowball":18,"minecraft:spruce_boat":7,"minecraft:stone_brick_slab":4,"minecraft:lava_bucket":1,"minecraft:rooted_dirt":3,"minecraft:iron_block":1,"minecraft:iron_axe":422,"minecraft:iron_helmet":1,"minecraft:smooth_basalt":8,"minecraft:sweet_berries":37,"tombstone:gift":4,"minecraft:egg":1,"minecraft:cobbled_deepslate":31,"minecraft:iron_leggings":1,"minecraft:wheat_seeds":2,"minecraft:water_bucket":16,"minecraft:stone_pickaxe":38,"minecraft:wooden_pickaxe":4,"minecraft:composter":2,"minecraft:spruce_sign":8,"minecraft:spruce_fence_gate":1,"minecraft:crafting_table":8,"minecraft:blast_furnace":1,"minecraft:white_bed":1,"minecraft:spruce_log":103,"minecraft:wooden_hoe":1,"minecraft:bread":45,"minecraft:iron_pickaxe":305,"minecraft:lectern":19,"minecraft:spruce_trapdoor":4,"minecraft:gravel":3,"minecraft:spruce_sapling":3,"minecraft:wooden_sword":47,"minecraft:cobblestone":5,"minecraft:cooked_porkchop":2,"minecraft:bucket":17,"minecraft:yellow_bed":6,"alexsmobs:animal_dictionary":20,"minecraft:coarse_dirt":3},"minecraft:dropped":{"minecraft:bread":54,"minecraft:wheat_seeds":242,"minecraft:feather":3,"minecraft:cobblestone":2,"minecraft:spruce_stairs":1,"minecraft:stick":8,"minecraft:dirt":9,"minecraft:torch":4,"tombstone:grave_key":2,"minecraft:string":1,"minecraft:spruce_sapling":3,"minecraft:sweet_berries":40,"minecraft:mangrove_roots":2,"alexsmobs:animal_dictionary":1,"minecraft:wheat":45,"minecraft:rotten_flesh":4,"minecraft:pumpkin_seeds":2,"minecraft:spruce_log":64,"minecraft:egg":1},"minecraft:picked_up":{"minecraft:crafting_table":4,"minecraft:coarse_dirt":4,"minecraft:wheat":96,"minecraft:shield":1,"minecraft:string":17,"minecraft:cobbled_deepslate":74,"minecraft:spruce_planks":163,"minecraft:beef":13,"minecraft:spruce_slab":3,"minecraft:lectern":20,"minecraft:spruce_trapdoor":1,"minecraft:egg":3,"minecraft:stick":21,"minecraft:raw_iron":51,"minecraft:torch":4,"minecraft:spruce_stairs":65,"minecraft:spruce_fence":2,"minecraft:carrot":89,"minecraft:tnt":1,"minecraft:rotten_flesh":5,"minecraft:hay_block":16,"minecraft:iron_block":1,"minecraft:mangrove_roots":2,"minecraft:cobblestone":144,"minecraft:snowball":18,"minecraft:leather":5,"betterarcheology:iron_brush":1,"minecraft:yellow_bed":6,"minecraft:gunpowder":4,"minecraft:dirt":257,"minecraft:wheat_seeds":324,"minecraft:smooth_basalt":8,"minecraft:cooked_porkchop":2,"minecraft:sweet_berries":84,"minecraft:gravel":3,"minecraft:stripped_spruce_log":12,"minecraft:prize_pottery_sherd":1,"minecraft:spruce_sapling":39,"minecraft:blast_furnace":1,"minecraft:spruce_log":270,"alexsmobs:animal_dictionary":1,"minecraft:archer_pottery_sherd":2,"minecraft:pumpkin_seeds":2,"minecraft:slime_ball":2,"minecraft:diamond":3,"minecraft:spruce_boat":5,"minecraft:bread":22,"minecraft:rooted_dirt":6,"minecraft:coal":20},"minecraft:killed_by":{"minecraft:creeper":2,"alexsmobs:crocodile":2,"minecraft:skeleton":4,"minecraft:zombie":1},"minecraft:custom":{"minecraft:mob_kills":19,"minecraft:animals_bred":18,"minecraft:interact_with_crafting_table":59,"minecraft:open_barrel":7,"minecraft:bell_ring":3,"minecraft:leave_game":15,"minecraft:time_since_death":20761,"minecraft:climb_one_cm":531,"minecraft:sprint_one_cm":818945,"minecraft:walk_one_cm":605133,"minecraft:drop":67,"minecraft:talked_to_villager":86,"minecraft:play_time":336447,"minecraft:deaths":12,"minecraft:sneak_time":17994,"minecraft:walk_under_water_one_cm":11572,"minecraft:boat_one_cm":210761,"minecraft:jump":7816,"minecraft:interact_with_blast_furnace":10,"minecraft:walk_on_water_one_cm":29142,"minecraft:total_world_time":336447,"minecraft:interact_with_furnace":5,"minecraft:interact_with_loom":1,"minecraft:interact_with_stonecutter":1,"minecraft:sleep_in_bed":6,"minecraft:time_since_rest":20223,"minecraft:damage_taken":3949,"minecraft:damage_dealt":2596,"minecraft:swim_one_cm":14103,"minecraft:fly_one_cm":1968238,"minecraft:open_chest":241,"minecraft:crouch_one_cm":85731,"tombstone:undead_killed":4,"minecraft:interact_with_smoker":3,"minecraft:fall_one_cm":227242}},"DataVersion":3465}