{"stats":{"minecraft:broken":{"minecraft:wooden_sword":1},"minecraft:picked_up":{"minecraft:crafting_table":3,"minecraft:coarse_dirt":4,"minecraft:wheat":19,"betterarcheology:iron_brush":1,"minecraft:yellow_bed":6,"minecraft:shield":1,"minecraft:gunpowder":4,"minecraft:dirt":192,"minecraft:string":17,"minecraft:wheat_seeds":95,"minecraft:spruce_planks":156,"minecraft:spruce_slab":3,"minecraft:spruce_trapdoor":1,"minecraft:egg":3,"minecraft:stick":10,"minecraft:raw_iron":7,"minecraft:cooked_porkchop":2,"minecraft:sweet_berries":36,"minecraft:spruce_fence":2,"minecraft:gravel":2,"minecraft:stripped_spruce_log":12,"minecraft:prize_pottery_sherd":1,"minecraft:spruce_sapling":8,"minecraft:blast_furnace":1,"minecraft:spruce_log":151,"alexsmobs:animal_dictionary":1,"minecraft:archer_pottery_sherd":2,"minecraft:tnt":1,"minecraft:pumpkin_seeds":2,"minecraft:rotten_flesh":1,"minecraft:spruce_boat":5,"minecraft:hay_block":16,"minecraft:bread":22,"minecraft:rooted_dirt":4,"minecraft:coal":20,"minecraft:snowball":18,"minecraft:cobblestone":48},"minecraft:used":{"betterarcheology:iron_brush":3,"minecraft:wheat_seeds":2,"minecraft:water_bucket":10,"minecraft:iron_shovel":173,"minecraft:spruce_slab":5,"minecraft:stone_pickaxe":38,"minecraft:chest":2,"minecraft:spruce_planks":300,"minecraft:wooden_pickaxe":4,"minecraft:composter":2,"minecraft:spruce_sign":8,"minecraft:spruce_fence_gate":1,"minecraft:torch":12,"minecraft:dirt":133,"minecraft:crafting_table":5,"minecraft:white_bed":1,"minecraft:chainmail_chestplate":1,"minecraft:blast_furnace":1,"minecraft:carrot":1,"minecraft:spruce_fence":17,"minecraft:snowball":18,"minecraft:spruce_boat":6,"minecraft:stone_brick_slab":4,"minecraft:wooden_hoe":1,"minecraft:rooted_dirt":3,"minecraft:iron_pickaxe":35,"minecraft:iron_axe":186,"minecraft:bread":24,"minecraft:iron_helmet":1,"minecraft:spruce_trapdoor":4,"minecraft:spruce_sapling":1,"minecraft:gravel":2,"minecraft:wooden_sword":47,"minecraft:sweet_berries":10,"minecraft:cooked_porkchop":2,"minecraft:bucket":9,"tombstone:gift":2,"minecraft:yellow_bed":6,"alexsmobs:animal_dictionary":20,"minecraft:coarse_dirt":3,"minecraft:iron_leggings":1},"minecraft:mined":{"minecraft:podzol":2,"minecraft:spruce_planks":158,"minecraft:powder_snow":69,"minecraft:crafting_table":3,"minecraft:spruce_trapdoor":1,"minecraft:grass_block":56,"minecraft:spruce_fence":2,"minecraft:tall_grass":31,"minecraft:spruce_leaves":3,"minecraft:rooted_dirt":6,"minecraft:large_fern":9,"minecraft:hay_block":16,"minecraft:seagrass":1,"minecraft:tall_seagrass":1,"minecraft:coarse_dirt":5,"minecraft:birch_leaves":1,"minecraft:iron_ore":7,"minecraft:wheat":26,"minecraft:sweet_berry_bush":27,"minecraft:ice":1,"minecraft:spruce_log":15,"minecraft:stripped_spruce_log":12,"minecraft:yellow_bed":6,"minecraft:grass":340,"minecraft:coal_ore":20,"minecraft:dirt_path":12,"minecraft:sand":8,"minecraft:gravel":2,"minecraft:dirt":97,"minecraft:cobweb":17,"minecraft:stone":45,"minecraft:spruce_slab":2,"minecraft:oak_leaves":5,"minecraft:fern":5},"minecraft:killed":{"minecraft:salmon":3,"minecraft:creeper":2,"minecraft:zombie":2},"minecraft:custom":{"minecraft:interact_with_furnace":5,"minecraft:mob_kills":7,"minecraft:animals_bred":1,"minecraft:interact_with_crafting_table":31,"minecraft:open_barrel":7,"minecraft:leave_game":9,"minecraft:time_since_death":78827,"minecraft:sleep_in_bed":3,"minecraft:time_since_rest":52389,"minecraft:sprint_one_cm":477107,"minecraft:damage_taken":2046,"minecraft:walk_one_cm":379180,"minecraft:drop":36,"minecraft:damage_dealt":1324,"minecraft:swim_one_cm":3914,"minecraft:talked_to_villager":43,"minecraft:fly_one_cm":1137755,"minecraft:open_chest":107,"minecraft:crouch_one_cm":40453,"minecraft:play_time":223361,"tombstone:undead_killed":2,"minecraft:deaths":7,"minecraft:sneak_time":8665,"minecraft:walk_under_water_one_cm":8181,"minecraft:boat_one_cm":210761,"minecraft:jump":4666,"minecraft:interact_with_blast_furnace":8,"minecraft:walk_on_water_one_cm":19885,"minecraft:interact_with_smoker":2,"minecraft:total_world_time":223361,"minecraft:fall_one_cm":129874},"minecraft:killed_by":{"minecraft:skeleton":3,"minecraft:creeper":1,"minecraft:zombie":1},"minecraft:dropped":{"minecraft:bread":54,"minecraft:sweet_berries":19,"minecraft:wheat_seeds":25,"alexsmobs:animal_dictionary":1,"minecraft:feather":3,"minecraft:pumpkin_seeds":2,"minecraft:stick":4,"minecraft:dirt":6,"tombstone:grave_key":2,"minecraft:string":1,"minecraft:egg":1,"minecraft:spruce_sapling":1},"minecraft:crafted":{"minecraft:wooden_sword":2,"minecraft:spruce_sign":9,"minecraft:crafting_table":3,"minecraft:spruce_planks":652,"minecraft:wooden_pickaxe":1,"minecraft:spruce_fence":15,"minecraft:bread":53,"minecraft:hopper":2,"minecraft:stone_brick_slab":6,"minecraft:spruce_trapdoor":4,"minecraft:wooden_hoe":1,"minecraft:white_wool":4,"minecraft:iron_axe":1,"minecraft:spruce_slab":36,"minecraft:stick":96,"minecraft:iron_pickaxe":1,"minecraft:iron_ingot":54,"minecraft:stone_pickaxe":2,"minecraft:chest":6,"minecraft:iron_shovel":1,"minecraft:white_bed":1,"minecraft:spruce_boat":2,"minecraft:composter":2,"minecraft:spruce_fence_gate":1,"minecraft:torch":12,"minecraft:wheat":189}},"DataVersion":3465}