{"stats":{"minecraft:broken":{"minecraft:wooden_sword":1,"minecraft:iron_pickaxe":1},"minecraft:picked_up":{"minecraft:coarse_dirt":4,"minecraft:crafting_table":3,"minecraft:wheat":19,"minecraft:shield":1,"minecraft:string":17,"minecraft:cobbled_deepslate":35,"minecraft:spruce_planks":156,"minecraft:spruce_slab":3,"minecraft:spruce_trapdoor":1,"minecraft:egg":3,"minecraft:stick":10,"minecraft:raw_iron":51,"minecraft:spruce_fence":2,"minecraft:tnt":1,"minecraft:rotten_flesh":5,"minecraft:hay_block":16,"minecraft:snowball":18,"minecraft:cobblestone":100,"betterarcheology:iron_brush":1,"minecraft:yellow_bed":6,"minecraft:gunpowder":4,"minecraft:dirt":198,"minecraft:wheat_seeds":97,"minecraft:smooth_basalt":8,"minecraft:cooked_porkchop":2,"minecraft:sweet_berries":36,"minecraft:gravel":2,"minecraft:prize_pottery_sherd":1,"minecraft:stripped_spruce_log":12,"minecraft:spruce_sapling":8,"minecraft:blast_furnace":1,"minecraft:spruce_log":151,"alexsmobs:animal_dictionary":1,"minecraft:archer_pottery_sherd":2,"minecraft:pumpkin_seeds":2,"minecraft:diamond":3,"minecraft:spruce_boat":5,"minecraft:bread":22,"minecraft:rooted_dirt":5,"minecraft:coal":20},"minecraft:used":{"betterarcheology:iron_brush":3,"minecraft:iron_shovel":173,"minecraft:spruce_slab":5,"minecraft:chest":2,"minecraft:spruce_planks":300,"minecraft:torch":12,"minecraft:dirt":134,"minecraft:hopper":2,"minecraft:chainmail_chestplate":1,"minecraft:carrot":1,"minecraft:spruce_fence":17,"minecraft:snowball":18,"minecraft:spruce_boat":6,"minecraft:stone_brick_slab":4,"minecraft:iron_axe":186,"minecraft:rooted_dirt":3,"minecraft:iron_helmet":1,"minecraft:smooth_basalt":8,"minecraft:sweet_berries":10,"tombstone:gift":4,"minecraft:egg":1,"minecraft:cobbled_deepslate":31,"minecraft:iron_leggings":1,"minecraft:wheat_seeds":2,"minecraft:water_bucket":10,"minecraft:stone_pickaxe":38,"minecraft:wooden_pickaxe":4,"minecraft:composter":2,"minecraft:spruce_sign":8,"minecraft:spruce_fence_gate":1,"minecraft:crafting_table":5,"minecraft:blast_furnace":1,"minecraft:white_bed":1,"minecraft:wooden_hoe":1,"minecraft:bread":32,"minecraft:iron_pickaxe":215,"minecraft:spruce_trapdoor":4,"minecraft:spruce_sapling":1,"minecraft:gravel":2,"minecraft:wooden_sword":47,"minecraft:cobblestone":2,"minecraft:cooked_porkchop":2,"minecraft:bucket":9,"minecraft:yellow_bed":6,"alexsmobs:animal_dictionary":20,"minecraft:coarse_dirt":3},"minecraft:mined":{"minecraft:spruce_planks":158,"minecraft:deepslate_diamond_ore":3,"minecraft:spruce_trapdoor":1,"minecraft:grass_block":58,"minecraft:spruce_fence":2,"minecraft:spruce_leaves":3,"minecraft:rooted_dirt":7,"minecraft:large_fern":9,"minecraft:hay_block":16,"minecraft:tall_seagrass":1,"minecraft:iron_ore":18,"minecraft:stripped_spruce_log":12,"minecraft:deepslate_iron_ore":33,"minecraft:dirt_path":12,"minecraft:stone":97,"minecraft:spruce_slab":2,"minecraft:podzol":2,"minecraft:powder_snow":69,"minecraft:crafting_table":3,"minecraft:tall_grass":31,"minecraft:seagrass":1,"minecraft:coarse_dirt":5,"minecraft:sweet_berry_bush":28,"minecraft:wheat":26,"minecraft:ice":1,"minecraft:spruce_log":15,"minecraft:birch_leaves":1,"minecraft:yellow_bed":6,"minecraft:grass":349,"minecraft:coal_ore":20,"minecraft:gravel":2,"minecraft:sand":8,"minecraft:dirt":101,"minecraft:cobweb":17,"minecraft:smooth_basalt":8,"minecraft:oak_leaves":5,"minecraft:deepslate":35,"minecraft:fern":5},"minecraft:killed":{"minecraft:salmon":3,"minecraft:creeper":2,"minecraft:zombie":4,"alexsmobs:fly":1},"minecraft:custom":{"minecraft:mob_kills":10,"minecraft:animals_bred":1,"minecraft:interact_with_crafting_table":31,"minecraft:open_barrel":7,"minecraft:bell_ring":3,"minecraft:leave_game":11,"minecraft:time_since_death":15245,"minecraft:sprint_one_cm":580701,"minecraft:walk_one_cm":414467,"minecraft:drop":39,"minecraft:talked_to_villager":43,"minecraft:play_time":256032,"minecraft:deaths":9,"minecraft:sneak_time":10038,"minecraft:walk_under_water_one_cm":8595,"minecraft:boat_one_cm":210761,"minecraft:jump":5612,"minecraft:interact_with_blast_furnace":8,"minecraft:walk_on_water_one_cm":24039,"minecraft:total_world_time":256032,"minecraft:interact_with_furnace":5,"minecraft:sleep_in_bed":5,"minecraft:time_since_rest":4193,"minecraft:damage_taken":2703,"minecraft:damage_dealt":1918,"minecraft:swim_one_cm":6360,"minecraft:fly_one_cm":1373581,"minecraft:open_chest":122,"minecraft:crouch_one_cm":44505,"tombstone:undead_killed":4,"minecraft:interact_with_smoker":2,"minecraft:fall_one_cm":154010},"minecraft:killed_by":{"minecraft:creeper":1,"alexsmobs:crocodile":2,"minecraft:skeleton":3,"minecraft:zombie":1},"minecraft:dropped":{"minecraft:bread":54,"minecraft:wheat_seeds":26,"minecraft:feather":3,"minecraft:stick":4,"minecraft:dirt":6,"tombstone:grave_key":2,"minecraft:string":1,"minecraft:spruce_sapling":1,"minecraft:sweet_berries":19,"alexsmobs:animal_dictionary":1,"minecraft:rotten_flesh":2,"minecraft:pumpkin_seeds":2,"minecraft:egg":1},"minecraft:crafted":{"minecraft:wooden_sword":2,"minecraft:spruce_fence":15,"minecraft:hopper":2,"minecraft:stone_brick_slab":6,"minecraft:iron_axe":1,"minecraft:spruce_slab":36,"minecraft:stone_pickaxe":2,"minecraft:chest":6,"minecraft:spruce_boat":2,"minecraft:wheat":189,"minecraft:spruce_sign":9,"minecraft:crafting_table":3,"minecraft:spruce_planks":652,"minecraft:wooden_pickaxe":1,"minecraft:bread":53,"minecraft:spruce_trapdoor":4,"minecraft:wooden_hoe":1,"minecraft:white_wool":4,"minecraft:stick":96,"minecraft:iron_ingot":54,"minecraft:iron_pickaxe":1,"minecraft:iron_shovel":1,"minecraft:white_bed":1,"minecraft:composter":2,"minecraft:spruce_fence_gate":1,"minecraft:torch":12}},"DataVersion":3465}