{"stats":{"minecraft:broken":{"minecraft:iron_shovel":2,"minecraft:wooden_sword":1,"minecraft:iron_pickaxe":1},"minecraft:picked_up":{"minecraft:coarse_dirt":4,"minecraft:crafting_table":3,"minecraft:wheat":20,"minecraft:shield":1,"minecraft:string":17,"minecraft:cobbled_deepslate":74,"minecraft:spruce_planks":157,"minecraft:beef":13,"minecraft:spruce_slab":3,"minecraft:lectern":20,"minecraft:spruce_trapdoor":1,"minecraft:egg":3,"minecraft:stick":17,"minecraft:raw_iron":51,"minecraft:spruce_fence":2,"minecraft:tnt":1,"minecraft:rotten_flesh":5,"minecraft:hay_block":16,"minecraft:snowball":18,"minecraft:cobblestone":138,"minecraft:leather":5,"betterarcheology:iron_brush":1,"minecraft:yellow_bed":6,"minecraft:gunpowder":4,"minecraft:dirt":216,"minecraft:wheat_seeds":111,"minecraft:smooth_basalt":8,"minecraft:cooked_porkchop":2,"minecraft:sweet_berries":36,"minecraft:gravel":3,"minecraft:prize_pottery_sherd":1,"minecraft:stripped_spruce_log":12,"minecraft:spruce_sapling":35,"minecraft:blast_furnace":1,"minecraft:spruce_log":155,"alexsmobs:animal_dictionary":1,"minecraft:archer_pottery_sherd":2,"minecraft:pumpkin_seeds":2,"minecraft:diamond":3,"minecraft:spruce_boat":5,"minecraft:bread":22,"minecraft:rooted_dirt":5,"minecraft:coal":20},"minecraft:used":{"betterarcheology:iron_brush":3,"minecraft:iron_shovel":694,"minecraft:spruce_slab":5,"minecraft:chest":4,"minecraft:spruce_planks":300,"minecraft:torch":12,"minecraft:dirt":186,"minecraft:hopper":4,"minecraft:chainmail_chestplate":1,"minecraft:carrot":1,"minecraft:spruce_fence":17,"minecraft:snowball":18,"minecraft:spruce_boat":6,"minecraft:stone_brick_slab":4,"minecraft:lava_bucket":1,"minecraft:iron_axe":217,"minecraft:rooted_dirt":3,"minecraft:iron_helmet":1,"minecraft:smooth_basalt":8,"minecraft:sweet_berries":10,"tombstone:gift":4,"minecraft:egg":1,"minecraft:cobbled_deepslate":31,"minecraft:iron_leggings":1,"minecraft:wheat_seeds":2,"minecraft:water_bucket":10,"minecraft:stone_pickaxe":38,"minecraft:wooden_pickaxe":4,"minecraft:composter":2,"minecraft:spruce_sign":8,"minecraft:spruce_fence_gate":1,"minecraft:crafting_table":6,"minecraft:blast_furnace":1,"minecraft:white_bed":1,"minecraft:wooden_hoe":1,"minecraft:bread":40,"minecraft:iron_pickaxe":295,"minecraft:lectern":19,"minecraft:spruce_trapdoor":4,"minecraft:spruce_sapling":1,"minecraft:gravel":3,"minecraft:wooden_sword":47,"minecraft:cobblestone":5,"minecraft:cooked_porkchop":2,"minecraft:bucket":10,"minecraft:yellow_bed":6,"alexsmobs:animal_dictionary":20,"minecraft:coarse_dirt":3},"minecraft:mined":{"minecraft:spruce_planks":159,"minecraft:deepslate_diamond_ore":3,"minecraft:spruce_trapdoor":1,"minecraft:grass_block":70,"minecraft:spruce_fence":2,"minecraft:spruce_leaves":3,"minecraft:rooted_dirt":7,"minecraft:large_fern":10,"minecraft:hay_block":16,"minecraft:tall_seagrass":1,"minecraft:iron_ore":18,"minecraft:fire":5,"minecraft:cobbled_deepslate":2,"minecraft:stripped_spruce_log":12,"minecraft:deepslate_iron_ore":33,"minecraft:dirt_path":13,"minecraft:stone":135,"minecraft:spruce_slab":2,"minecraft:podzol":2,"minecraft:powder_snow":69,"minecraft:crafting_table":3,"minecraft:lectern":20,"minecraft:tall_grass":31,"minecraft:seagrass":1,"minecraft:coarse_dirt":5,"minecraft:sweet_berry_bush":28,"minecraft:wheat":26,"minecraft:ice":1,"minecraft:spruce_log":15,"minecraft:birch_leaves":1,"minecraft:yellow_bed":6,"minecraft:grass":530,"minecraft:coal_ore":20,"minecraft:gravel":3,"minecraft:sand":8,"minecraft:dirt":108,"minecraft:cobweb":17,"minecraft:smooth_basalt":8,"minecraft:oak_leaves":5,"minecraft:deepslate":74,"minecraft:fern":5},"minecraft:killed":{"minecraft:salmon":3,"minecraft:creeper":2,"minecraft:zombie":4,"alexsmobs:fly":1,"minecraft:cow":5},"minecraft:custom":{"minecraft:mob_kills":15,"minecraft:animals_bred":1,"minecraft:interact_with_crafting_table":49,"minecraft:open_barrel":7,"minecraft:bell_ring":3,"minecraft:leave_game":11,"minecraft:time_since_death":49538,"minecraft:sprint_one_cm":660567,"minecraft:walk_one_cm":493950,"minecraft:drop":44,"minecraft:talked_to_villager":79,"minecraft:play_time":290325,"minecraft:deaths":9,"minecraft:sneak_time":11122,"minecraft:walk_under_water_one_cm":10006,"minecraft:boat_one_cm":210761,"minecraft:jump":6317,"minecraft:interact_with_blast_furnace":8,"minecraft:walk_on_water_one_cm":26239,"minecraft:total_world_time":290325,"minecraft:interact_with_furnace":5,"minecraft:sleep_in_bed":6,"minecraft:time_since_rest":27805,"minecraft:damage_taken":2903,"minecraft:damage_dealt":2428,"minecraft:swim_one_cm":8582,"minecraft:fly_one_cm":1544100,"minecraft:open_chest":177,"minecraft:crouch_one_cm":48441,"tombstone:undead_killed":4,"minecraft:interact_with_smoker":2,"minecraft:fall_one_cm":180396},"minecraft:killed_by":{"minecraft:creeper":1,"alexsmobs:crocodile":2,"minecraft:skeleton":3,"minecraft:zombie":1},"minecraft:dropped":{"minecraft:bread":54,"minecraft:wheat_seeds":30,"minecraft:feather":3,"minecraft:stick":4,"minecraft:dirt":6,"tombstone:grave_key":2,"minecraft:string":1,"minecraft:spruce_sapling":1,"minecraft:sweet_berries":19,"alexsmobs:animal_dictionary":1,"minecraft:rotten_flesh":4,"minecraft:pumpkin_seeds":2,"minecraft:spruce_log":64,"minecraft:egg":1},"minecraft:crafted":{"minecraft:wooden_sword":2,"minecraft:spruce_fence":15,"minecraft:hopper":4,"minecraft:stone_brick_slab":6,"sophisticatedbackpacks:copper_backpack":1,"minecraft:iron_axe":1,"minecraft:spruce_slab":36,"minecraft:stone_pickaxe":2,"minecraft:chest":9,"minecraft:spruce_boat":3,"sophisticatedbackpacks:iron_backpack":1,"minecraft:wheat":432,"sophisticatedbackpacks:backpack":1,"minecraft:spruce_sign":9,"minecraft:crafting_table":4,"minecraft:spruce_planks":668,"minecraft:wooden_pickaxe":1,"sophisticatedbackpacks:gold_backpack":1,"minecraft:bread":134,"minecraft:spruce_trapdoor":4,"minecraft:wooden_hoe":1,"minecraft:white_wool":4,"minecraft:stick":104,"minecraft:iron_ingot":135,"minecraft:iron_pickaxe":2,"minecraft:iron_shovel":3,"minecraft:white_bed":1,"minecraft:composter":2,"minecraft:spruce_fence_gate":1,"minecraft:torch":12}},"DataVersion":3465}