{"stats":{"minecraft:broken":{"minecraft:wooden_sword":1},"minecraft:picked_up":{"minecraft:crafting_table":3,"minecraft:coarse_dirt":2,"minecraft:wheat":19,"betterarcheology:iron_brush":1,"minecraft:yellow_bed":4,"minecraft:shield":1,"minecraft:gunpowder":4,"minecraft:dirt":41,"minecraft:string":17,"minecraft:wheat_seeds":89,"minecraft:spruce_planks":7,"minecraft:stick":10,"minecraft:raw_iron":7,"minecraft:cooked_porkchop":2,"minecraft:sweet_berries":30,"minecraft:spruce_fence":2,"minecraft:gravel":2,"minecraft:stripped_spruce_log":12,"minecraft:prize_pottery_sherd":1,"minecraft:spruce_sapling":8,"minecraft:blast_furnace":1,"minecraft:spruce_log":151,"alexsmobs:animal_dictionary":1,"minecraft:archer_pottery_sherd":2,"minecraft:tnt":1,"minecraft:pumpkin_seeds":2,"minecraft:rotten_flesh":1,"minecraft:spruce_boat":5,"minecraft:hay_block":16,"minecraft:bread":22,"minecraft:coal":20,"minecraft:snowball":18,"minecraft:cobblestone":15},"minecraft:used":{"betterarcheology:iron_brush":3,"minecraft:wheat_seeds":2,"minecraft:water_bucket":2,"minecraft:stone_pickaxe":38,"minecraft:chest":1,"minecraft:spruce_planks":236,"minecraft:wooden_pickaxe":4,"minecraft:composter":2,"minecraft:spruce_fence_gate":1,"minecraft:torch":3,"minecraft:dirt":36,"minecraft:crafting_table":5,"minecraft:chainmail_chestplate":1,"minecraft:blast_furnace":1,"minecraft:carrot":1,"minecraft:spruce_fence":17,"minecraft:snowball":18,"minecraft:spruce_boat":6,"minecraft:wooden_hoe":1,"minecraft:iron_axe":22,"minecraft:bread":12,"minecraft:iron_helmet":1,"minecraft:spruce_trapdoor":2,"minecraft:spruce_sapling":1,"minecraft:gravel":2,"minecraft:wooden_sword":47,"minecraft:sweet_berries":10,"minecraft:cooked_porkchop":2,"minecraft:bucket":1,"tombstone:gift":2,"minecraft:yellow_bed":4,"alexsmobs:animal_dictionary":20,"minecraft:coarse_dirt":2,"minecraft:iron_leggings":1},"minecraft:mined":{"minecraft:spruce_planks":8,"minecraft:powder_snow":69,"minecraft:crafting_table":3,"minecraft:grass_block":13,"minecraft:spruce_fence":2,"minecraft:tall_grass":30,"minecraft:spruce_leaves":2,"minecraft:large_fern":8,"minecraft:hay_block":16,"minecraft:seagrass":1,"minecraft:tall_seagrass":1,"minecraft:coarse_dirt":2,"minecraft:iron_ore":7,"minecraft:wheat":26,"minecraft:sweet_berry_bush":23,"minecraft:ice":1,"minecraft:spruce_log":15,"minecraft:stripped_spruce_log":12,"minecraft:yellow_bed":4,"minecraft:grass":273,"minecraft:coal_ore":20,"minecraft:gravel":2,"minecraft:dirt":20,"minecraft:cobweb":17,"minecraft:stone":12,"minecraft:oak_leaves":2,"minecraft:fern":5},"minecraft:killed":{"minecraft:salmon":3,"minecraft:creeper":2,"minecraft:zombie":1},"minecraft:custom":{"minecraft:interact_with_furnace":2,"minecraft:mob_kills":6,"minecraft:interact_with_crafting_table":22,"minecraft:open_barrel":6,"minecraft:leave_game":9,"minecraft:time_since_death":30827,"minecraft:sleep_in_bed":3,"minecraft:time_since_rest":4389,"minecraft:sprint_one_cm":325283,"minecraft:damage_taken":1918,"minecraft:walk_one_cm":292263,"minecraft:drop":31,"minecraft:damage_dealt":911,"minecraft:swim_one_cm":3914,"minecraft:talked_to_villager":6,"minecraft:fly_one_cm":772530,"minecraft:open_chest":70,"minecraft:crouch_one_cm":20559,"minecraft:play_time":175361,"tombstone:undead_killed":1,"minecraft:deaths":7,"minecraft:sneak_time":5057,"minecraft:walk_under_water_one_cm":8078,"minecraft:boat_one_cm":210761,"minecraft:jump":3262,"minecraft:interact_with_blast_furnace":6,"minecraft:walk_on_water_one_cm":15948,"minecraft:interact_with_smoker":1,"minecraft:total_world_time":175361,"minecraft:fall_one_cm":82602},"minecraft:killed_by":{"minecraft:skeleton":3,"minecraft:creeper":1,"minecraft:zombie":1},"minecraft:dropped":{"minecraft:bread":54,"minecraft:sweet_berries":16,"minecraft:wheat_seeds":21,"alexsmobs:animal_dictionary":1,"minecraft:feather":3,"minecraft:pumpkin_seeds":2,"minecraft:stick":4,"minecraft:dirt":6,"tombstone:grave_key":2,"minecraft:string":1,"minecraft:spruce_sapling":1},"minecraft:crafted":{"minecraft:wooden_sword":2,"minecraft:crafting_table":3,"minecraft:spruce_planks":652,"minecraft:wooden_pickaxe":1,"minecraft:spruce_fence":15,"minecraft:bread":53,"minecraft:spruce_trapdoor":4,"minecraft:wooden_hoe":1,"minecraft:white_wool":4,"minecraft:spruce_slab":36,"minecraft:stick":80,"minecraft:stone_pickaxe":2,"minecraft:chest":1,"minecraft:spruce_boat":2,"minecraft:composter":2,"minecraft:spruce_fence_gate":1,"minecraft:torch":12,"minecraft:wheat":144}},"DataVersion":3465}