{"stats":{"minecraft:mined":{"minecraft:grass":1,"minecraft:grass_block":2,"minecraft:dark_oak_log":9,"minecraft:dirt":12,"minecraft:crafting_table":1},"minecraft:used":{"alexsmobs:animal_dictionary":1,"minecraft:crafting_table":1},"minecraft:crafted":{"minecraft:dark_oak_planks":36,"minecraft:crafting_table":1,"minecraft:stick":8,"minecraft:wooden_pickaxe":1},"minecraft:picked_up":{"minecraft:crafting_table":1,"minecraft:dark_oak_log":9,"minecraft:dirt":13},"minecraft:custom":{"minecraft:jump":3,"minecraft:time_since_rest":2354,"minecraft:damage_taken":80,"minecraft:play_time":2354,"minecraft:time_since_death":2354,"minecraft:walk_one_cm":2722,"minecraft:total_world_time":2354,"minecraft:interact_with_crafting_table":1,"minecraft:fall_one_cm":1342}},"DataVersion":3465}