{"stats":{"minecraft:mined":{"minecraft:dark_oak_planks":4,"minecraft:spruce_planks":26,"minecraft:farmland":4,"minecraft:candle":2,"minecraft:mangrove_roots":30,"minecraft:spruce_trapdoor":17,"minecraft:grass_block":2019,"minecraft:spruce_fence":12,"minecraft:stone_brick_wall":1,"minecraft:spruce_leaves":40,"minecraft:large_fern":17,"minecraft:hay_block":3,"minecraft:tall_seagrass":1,"minecraft:spruce_sapling":1,"minecraft:furnace":4,"minecraft:carrots":10,"minecraft:stripped_spruce_log":16,"minecraft:pumpkin":54,"minecraft:potatoes":54,"minecraft:dirt_path":41,"betterarcheology:loot_vase":1,"minecraft:stone":502,"minecraft:white_wool":10,"minecraft:spruce_slab":22,"minecraft:podzol":313,"minecraft:brown_mushroom":11,"minecraft:red_wool":9,"minecraft:melon_stem":2,"minecraft:brown_stained_glass_pane":3,"minecraft:smoker":4,"minecraft:spruce_door":1,"minecraft:powder_snow":100,"minecraft:crafting_table":4,"minecraft:jungle_stairs":1,"minecraft:blast_furnace":6,"minecraft:chest":5,"minecraft:tall_grass":173,"minecraft:copper_ore":6,"minecraft:cobblestone":9,"minecraft:seagrass":1,"minecraft:spruce_stairs":16,"minecraft:coarse_dirt":2,"betterarcheology:fossiliferous_dirt":2,"minecraft:wheat":78,"minecraft:sweet_berry_bush":13,"minecraft:ice":8,"minecraft:spruce_log":9,"minecraft:pumpkin_stem":8,"minecraft:yellow_bed":2,"minecraft:stone_brick_stairs":2,"minecraft:grass":680,"minecraft:coal_ore":13,"minecraft:sunflower":1,"minecraft:gravel":136,"minecraft:dirt":1289,"minecraft:polished_andesite":5,"minecraft:stone_bricks":5,"minecraft:oak_leaves":34,"minecraft:fern":39},"minecraft:killed":{"alexsmobs:raccoon":1,"minecraft:spider":2,"minecraft:chicken":1,"minecraft:salmon":14,"minecraft:zombie":5,"minecraft:cow":2},"minecraft:crafted":{"minecraft:spruce_fence":156,"minecraft:white_carpet":3,"sophisticatedbackpacks:copper_backpack":1,"minecraft:iron_axe":2,"minecraft:iron_hoe":2,"minecraft:stone_pickaxe":1,"minecraft:chest":15,"minecraft:spruce_boat":2,"minecraft:stone_hoe":2,"sophisticatedbackpacks:iron_backpack":1,"minecraft:wheat":9,"minecraft:crafting_table":2,"minecraft:spruce_planks":544,"minecraft:copper_ingot":17,"sophisticatedbackpacks:gold_backpack":1,"minecraft:pumpkin_seeds":164,"minecraft:stone_axe":13,"minecraft:bread":106,"minecraft:air":0,"minecraft:stick":140,"minecraft:iron_ingot":10,"minecraft:iron_pickaxe":3,"minecraft:iron_shovel":15,"minecraft:spruce_fence_gate":4,"minecraft:shears":1},"minecraft:broken":{"minecraft:iron_shovel":14,"minecraft:stone_hoe":2,"minecraft:iron_axe":1,"minecraft:stone_axe":13,"minecraft:iron_pickaxe":2,"minecraft:iron_hoe":1},"minecraft:used":{"minecraft:iron_shovel":3783,"minecraft:chest":20,"minecraft:spruce_planks":36,"minecraft:stone_hoe":423,"minecraft:rotten_flesh":1,"minecraft:dirt":720,"minecraft:white_carpet":3,"minecraft:chainmail_chestplate":1,"minecraft:carrot":309,"minecraft:spruce_fence":120,"minecraft:spruce_boat":4,"minecraft:iron_hoe":414,"minecraft:iron_axe":208,"minecraft:hay_block":13,"minecraft:mangrove_roots":1,"minecraft:sweet_berries":5,"tombstone:gift":3,"minecraft:egg":3,"minecraft:potato":114,"minecraft:iron_leggings":1,"minecraft:wheat_seeds":254,"minecraft:water_bucket":46,"minecraft:stone_pickaxe":13,"minecraft:polished_andesite":1,"minecraft:wooden_pickaxe":6,"minecraft:spruce_fence_gate":4,"minecraft:salmon":14,"minecraft:crafting_table":6,"minecraft:shears":18,"minecraft:spruce_log":115,"minecraft:pumpkin_seeds":73,"minecraft:bread":56,"minecraft:iron_pickaxe":544,"minecraft:spruce_sapling":121,"minecraft:gravel":1,"minecraft:stone_axe":89,"minecraft:cobblestone":57,"minecraft:bucket":46,"minecraft:yellow_bed":1,"alexsmobs:animal_dictionary":22,"minecraft:coarse_dirt":1},"minecraft:dropped":{"minecraft:iron_ingot":13,"minecraft:bread":76,"minecraft:wheat_seeds":304,"minecraft:cobblestone":23,"minecraft:leather":4,"minecraft:coal":31,"minecraft:stick":2,"minecraft:dirt":724,"minecraft:sunflower":2,"minecraft:white_wool":11,"minecraft:stone_axe":1,"minecraft:mangrove_roots":3,"minecraft:wheat":109,"minecraft:chicken":1,"minecraft:iron_hoe":2,"minecraft:carrot":86,"minecraft:pumpkin_seeds":124,"minecraft:hay_block":64,"minecraft:shield":1,"minecraft:spruce_planks":64,"minecraft:chest":1,"minecraft:spruce_log":334,"minecraft:wooden_pickaxe":2,"minecraft:stone_pickaxe":1,"minecraft:egg":2},"minecraft:picked_up":{"minecraft:crafting_table":4,"minecraft:cocoa_beans":3,"minecraft:coarse_dirt":2,"minecraft:wheat":668,"minecraft:chicken":2,"minecraft:brown_mushroom":10,"minecraft:wooden_pickaxe":2,"minecraft:stone_brick_wall":1,"minecraft:enchanted_book":2,"minecraft:stone_brick_stairs":2,"minecraft:shield":1,"minecraft:string":8,"minecraft:raw_copper":17,"minecraft:candle":8,"minecraft:spruce_planks":27,"minecraft:beef":3,"minecraft:light_gray_wool":7,"minecraft:spruce_slab":27,"alexsmobs:raccoon_tail":1,"minecraft:lectern":1,"minecraft:sugar_cane":3,"minecraft:chest":8,"minecraft:spruce_trapdoor":17,"minecraft:furnace":4,"minecraft:egg":10,"minecraft:stick":125,"minecraft:spruce_stairs":16,"minecraft:spruce_fence":12,"sophisticatedbackpacks:backpack":1,"tombstone:grave_dust":1,"minecraft:carrot":1055,"minecraft:arrow":1,"minecraft:rotten_flesh":19,"minecraft:hay_block":68,"minecraft:mangrove_roots":23,"minecraft:cobblestone":556,"minecraft:white_wool":24,"minecraft:feather":2,"minecraft:cooked_beef":3,"minecraft:water_bucket":1,"minecraft:salmon":15,"minecraft:leather":4,"minecraft:smoker":4,"minecraft:potato":101,"minecraft:flint":16,"minecraft:yellow_bed":2,"minecraft:dirt":4579,"minecraft:bone":1,"minecraft:apple":1,"minecraft:stone_bricks":5,"minecraft:stonecutter":1,"minecraft:wheat_seeds":2492,"minecraft:iron_ingot":35,"minecraft:fletching_table":1,"minecraft:bamboo":8,"minecraft:pumpkin":54,"minecraft:sweet_berries":37,"minecraft:red_wool":9,"betterarcheology:artifact_shards":1,"minecraft:poisonous_potato":1,"minecraft:gravel":138,"minecraft:stripped_spruce_log":16,"minecraft:spruce_sapling":192,"minecraft:blast_furnace":6,"minecraft:ink_sac":3,"minecraft:spruce_log":3234,"minecraft:spruce_door":1,"minecraft:spider_eye":1,"minecraft:bundle":1,"minecraft:iron_hoe":1,"minecraft:polished_andesite":5,"minecraft:pumpkin_seeds":107,"minecraft:spruce_boat":3,"minecraft:stone_axe":1,"minecraft:bone_meal":1,"minecraft:gray_wool":2,"minecraft:bread":53,"minecraft:oak_sapling":8,"minecraft:black_wool":2,"minecraft:coal":24,"minecraft:sunflower":2},"minecraft:killed_by":{"minecraft:creeper":2,"minecraft:skeleton":2},"minecraft:custom":{"minecraft:interact_with_anvil":2,"minecraft:mob_kills":25,"minecraft:animals_bred":137,"minecraft:interact_with_crafting_table":62,"minecraft:open_barrel":2,"minecraft:leave_game":9,"minecraft:time_since_death":25869,"minecraft:sprint_one_cm":1091413,"minecraft:walk_one_cm":2203005,"minecraft:drop":199,"minecraft:talked_to_villager":1,"minecraft:play_time":381558,"minecraft:sneak_time":14882,"minecraft:deaths":4,"minecraft:walk_under_water_one_cm":25493,"minecraft:boat_one_cm":300419,"minecraft:jump":4957,"minecraft:interact_with_blast_furnace":11,"minecraft:walk_on_water_one_cm":33393,"minecraft:total_world_time":381558,"minecraft:interact_with_furnace":9,"minecraft:sleep_in_bed":10,"minecraft:time_since_rest":4542,"minecraft:damage_taken":2499,"minecraft:damage_dealt":1940,"minecraft:swim_one_cm":49434,"minecraft:fly_one_cm":1234908,"minecraft:open_chest":261,"minecraft:crouch_one_cm":76510,"tombstone:undead_killed":5,"minecraft:interact_with_smoker":8,"minecraft:fall_one_cm":72099}},"DataVersion":3465}