{"stats":{"minecraft:broken":{"minecraft:iron_shovel":1,"minecraft:stone_axe":6,"minecraft:stone_hoe":1},"minecraft:picked_up":{"minecraft:crafting_table":4,"minecraft:coarse_dirt":1,"minecraft:wheat":33,"minecraft:feather":2,"minecraft:cooked_beef":3,"minecraft:chicken":1,"minecraft:water_bucket":1,"minecraft:salmon":14,"minecraft:leather":4,"minecraft:brown_mushroom":10,"minecraft:wooden_pickaxe":2,"minecraft:smoker":2,"minecraft:enchanted_book":1,"minecraft:shield":1,"minecraft:dirt":322,"minecraft:string":6,"minecraft:stonecutter":1,"minecraft:wheat_seeds":271,"minecraft:spruce_planks":1,"minecraft:iron_ingot":3,"minecraft:beef":3,"minecraft:fletching_table":1,"minecraft:lectern":1,"minecraft:chest":2,"minecraft:egg":1,"minecraft:furnace":2,"minecraft:stick":51,"minecraft:pumpkin":10,"minecraft:sweet_berries":24,"sophisticatedbackpacks:backpack":1,"minecraft:spruce_sapling":91,"minecraft:ink_sac":3,"minecraft:blast_furnace":2,"minecraft:carrot":10,"minecraft:spruce_log":1005,"minecraft:spider_eye":1,"minecraft:polished_andesite":1,"minecraft:pumpkin_seeds":58,"minecraft:arrow":1,"minecraft:rotten_flesh":13,"minecraft:spruce_boat":3,"minecraft:hay_block":2,"minecraft:bone_meal":1,"minecraft:bread":32,"minecraft:mangrove_roots":1,"minecraft:coal":2,"minecraft:white_wool":1,"minecraft:cobblestone":77,"minecraft:sunflower":1},"minecraft:used":{"minecraft:wheat_seeds":233,"minecraft:water_bucket":3,"minecraft:iron_shovel":279,"minecraft:stone_pickaxe":13,"minecraft:polished_andesite":1,"minecraft:chest":6,"minecraft:spruce_planks":36,"minecraft:wooden_pickaxe":6,"minecraft:stone_hoe":411,"minecraft:rotten_flesh":1,"minecraft:salmon":14,"minecraft:dirt":127,"minecraft:crafting_table":6,"minecraft:carrot":11,"minecraft:chainmail_chestplate":1,"minecraft:spruce_log":107,"minecraft:spruce_boat":4,"minecraft:bread":17,"minecraft:iron_pickaxe":70,"minecraft:spruce_sapling":56,"minecraft:stone_axe":80,"minecraft:cobblestone":49,"minecraft:mangrove_roots":1,"minecraft:hay_block":8,"minecraft:bucket":3,"tombstone:gift":2,"alexsmobs:animal_dictionary":13,"minecraft:coarse_dirt":1,"minecraft:iron_leggings":1},"minecraft:mined":{"minecraft:podzol":52,"minecraft:brown_mushroom":11,"minecraft:farmland":1,"minecraft:melon_stem":2,"minecraft:brown_stained_glass_pane":2,"minecraft:smoker":2,"minecraft:mangrove_roots":1,"minecraft:powder_snow":100,"minecraft:crafting_table":4,"minecraft:blast_furnace":2,"minecraft:grass_block":246,"minecraft:chest":2,"minecraft:tall_grass":164,"minecraft:cobblestone":1,"minecraft:spruce_leaves":34,"minecraft:large_fern":17,"minecraft:seagrass":1,"minecraft:hay_block":2,"minecraft:tall_seagrass":1,"minecraft:coarse_dirt":1,"minecraft:furnace":2,"minecraft:carrots":6,"minecraft:wheat":78,"minecraft:sweet_berry_bush":8,"minecraft:ice":8,"minecraft:spruce_log":9,"minecraft:pumpkin":10,"minecraft:coal_ore":2,"minecraft:grass":474,"minecraft:sunflower":1,"minecraft:dirt":28,"minecraft:polished_andesite":1,"minecraft:stone":76,"minecraft:fern":39},"minecraft:killed":{"minecraft:salmon":14,"minecraft:spider":2,"minecraft:zombie":2,"minecraft:chicken":1,"minecraft:cow":2},"minecraft:custom":{"minecraft:interact_with_furnace":9,"minecraft:mob_kills":21,"minecraft:animals_bred":1,"minecraft:interact_with_crafting_table":20,"minecraft:open_barrel":2,"minecraft:leave_game":4,"minecraft:time_since_death":96684,"minecraft:sleep_in_bed":1,"minecraft:time_since_rest":12485,"minecraft:sprint_one_cm":242910,"minecraft:damage_taken":955,"minecraft:walk_one_cm":816004,"minecraft:drop":71,"minecraft:damage_dealt":1445,"minecraft:swim_one_cm":18516,"minecraft:fly_one_cm":348802,"minecraft:open_chest":28,"minecraft:crouch_one_cm":11100,"minecraft:play_time":131702,"minecraft:sneak_time":2999,"tombstone:undead_killed":2,"minecraft:deaths":1,"minecraft:walk_under_water_one_cm":19772,"minecraft:boat_one_cm":295769,"minecraft:jump":1580,"minecraft:interact_with_blast_furnace":8,"minecraft:walk_on_water_one_cm":16965,"minecraft:interact_with_smoker":7,"minecraft:total_world_time":131702,"minecraft:fall_one_cm":22015},"minecraft:killed_by":{"minecraft:skeleton":1},"minecraft:dropped":{"minecraft:cobblestone":3,"minecraft:pumpkin_seeds":65,"minecraft:stick":2,"minecraft:spruce_log":14,"minecraft:sunflower":1,"minecraft:wooden_pickaxe":2},"minecraft:crafted":{"minecraft:crafting_table":2,"minecraft:spruce_planks":120,"minecraft:pumpkin_seeds":24,"minecraft:stone_axe":6,"minecraft:stick":8,"minecraft:iron_ingot":1,"minecraft:iron_pickaxe":1,"minecraft:stone_pickaxe":1,"minecraft:chest":5,"minecraft:iron_shovel":2,"minecraft:spruce_boat":2,"minecraft:stone_hoe":2}},"DataVersion":3465}