{"stats":{"minecraft:mined":{"minecraft:dark_oak_planks":4,"minecraft:spruce_planks":43,"minecraft:farmland":5,"minecraft:andesite_stairs":1,"minecraft:spruce_trapdoor":17,"minecraft:grass_block":2203,"minecraft:stone_brick_wall":1,"minecraft:jungle_log":1,"minecraft:tall_seagrass":2,"minecraft:barrel":1,"minecraft:pumpkin":119,"minecraft:dirt_path":41,"minecraft:azalea_leaves":3,"betterarcheology:loot_vase":1,"minecraft:spruce_slab":22,"minecraft:brown_mushroom":11,"minecraft:melon_stem":2,"minecraft:smoker":4,"minecraft:powder_snow":100,"minecraft:jungle_stairs":1,"minecraft:blast_furnace":6,"minecraft:melon":4,"minecraft:chest":7,"minecraft:dead_bush":12,"minecraft:cobblestone":68,"minecraft:sugar_cane":20,"minecraft:seagrass":3,"minecraft:wheat":82,"minecraft:pumpkin_stem":8,"minecraft:stone_brick_stairs":2,"minecraft:grass":681,"minecraft:sand":1,"minecraft:dirt":1424,"minecraft:stonecutter":1,"minecraft:oak_leaves":34,"minecraft:emerald_block":1,"minecraft:diamond_ore":1,"minecraft:candle":2,"minecraft:mangrove_roots":30,"minecraft:sea_lantern":1,"minecraft:spruce_fence":17,"minecraft:decorated_pot":3,"minecraft:spruce_leaves":138,"minecraft:large_fern":17,"minecraft:hay_block":10,"minecraft:spruce_sapling":3,"minecraft:furnace":4,"minecraft:carrots":10,"minecraft:raw_gold_block":1,"minecraft:stripped_spruce_log":16,"minecraft:potatoes":54,"minecraft:bamboo_sapling":1,"minecraft:bamboo":8,"minecraft:stone":534,"minecraft:white_wool":10,"minecraft:podzol":355,"minecraft:red_wool":9,"minecraft:brown_stained_glass_pane":4,"minecraft:spruce_door":2,"minecraft:crafting_table":5,"minecraft:honey_block":3,"minecraft:structure_void":1,"minecraft:tall_grass":173,"minecraft:copper_ore":6,"minecraft:spruce_stairs":16,"minecraft:coarse_dirt":2,"betterarcheology:fossiliferous_dirt":2,"minecraft:sea_pickle":2,"minecraft:sweet_berry_bush":13,"minecraft:ice":11,"minecraft:white_carpet":6,"minecraft:spruce_log":30,"minecraft:mangrove_leaves":86,"minecraft:yellow_bed":3,"minecraft:coal_ore":13,"minecraft:sunflower":1,"minecraft:gravel":217,"minecraft:polished_andesite":5,"minecraft:stone_bricks":5,"minecraft:gold_ore":1,"minecraft:fern":39},"minecraft:killed":{"minecraft:spider":4,"minecraft:skeleton":4,"minecraft:chicken":1,"minecraft:salmon":14,"minecraft:iron_golem":1,"minecraft:zombie":9,"minecraft:cow":2,"alexsmobs:raccoon":1,"minecraft:drowned":7,"alexsmobs:frilled_shark":3},"minecraft:crafted":{"minecraft:stone":4,"minecraft:iron_boots":1,"sophisticatedbackpacks:copper_backpack":1,"minecraft:melon_seeds":21,"minecraft:chest":32,"minecraft:stone_hoe":2,"minecraft:crafting_table":3,"minecraft:spruce_planks":708,"minecraft:iron_helmet":1,"minecraft:copper_ingot":17,"minecraft:pumpkin_seeds":164,"tombstone:decorative_grave_normal":1,"minecraft:book":1,"minecraft:iron_chestplate":1,"minecraft:paper":3,"naturescompass:naturescompass":1,"minecraft:stick":140,"minecraft:compass":1,"minecraft:iron_ingot":10,"minecraft:iron_pickaxe":3,"minecraft:spruce_fence_gate":5,"minecraft:shears":1,"tombstone:fishing_rod_of_misadventure":1,"tombstone:book_of_disenchantment":1,"minecraft:wooden_sword":1,"minecraft:fishing_rod":1,"minecraft:bone_meal":3,"minecraft:spruce_fence":156,"minecraft:white_carpet":21,"betterarcheology:iron_brush":1,"minecraft:iron_axe":2,"minecraft:iron_hoe":4,"minecraft:stone_pickaxe":1,"minecraft:spruce_boat":4,"minecraft:wheat":9,"sophisticatedbackpacks:iron_backpack":1,"minecraft:diamond_sword":1,"tombstone:ankh_of_pray":1,"sophisticatedbackpacks:gold_backpack":1,"minecraft:stone_axe":13,"minecraft:bread":149,"minecraft:air":0,"tombstone:dark_marble":4,"minecraft:iron_shovel":19},"minecraft:broken":{"minecraft:iron_shovel":17,"minecraft:stone_axe":13,"minecraft:iron_hoe":4,"minecraft:stone_hoe":2,"minecraft:iron_axe":2,"minecraft:iron_pickaxe":2},"minecraft:used":{"minecraft:iron_shovel":4428,"minecraft:poppy":1,"minecraft:chest":38,"minecraft:rotten_flesh":1,"minecraft:carrot":348,"minecraft:spruce_boat":9,"minecraft:lantern":1,"tombstone:decorative_grave_normal":2,"minecraft:hay_block":20,"minecraft:sweet_berries":5,"minecraft:mangrove_roots":1,"minecraft:egg":3,"minecraft:potato":193,"minecraft:spruce_door":1,"minecraft:stone_pickaxe":13,"minecraft:wooden_pickaxe":6,"minecraft:diamond_axe":158,"minecraft:sugar_cane":16,"minecraft:sand":1,"minecraft:shears":31,"minecraft:pumpkin_seeds":73,"alexsmobs:frilled_shark_bucket":5,"minecraft:bread":99,"minecraft:gravel":4,"minecraft:diamond_sword":52,"minecraft:coarse_dirt":2,"minecraft:bone_meal":3,"betterarcheology:iron_brush":24,"minecraft:azalea":1,"minecraft:spruce_planks":43,"tombstone:fishing_rod_of_misadventure":30,"minecraft:stone_hoe":423,"minecraft:dirt":1207,"minecraft:white_carpet":26,"minecraft:chainmail_chestplate":1,"minecraft:spruce_fence":158,"minecraft:iron_hoe":1029,"minecraft:iron_axe":220,"minecraft:jungle_log":2,"minecraft:melon_seeds":22,"minecraft:bamboo":71,"tombstone:gift":7,"minecraft:iron_leggings":1,"minecraft:wheat_seeds":254,"minecraft:water_bucket":113,"minecraft:polished_andesite":1,"minecraft:stonecutter":1,"minecraft:spruce_fence_gate":5,"minecraft:salmon":14,"minecraft:crafting_table":7,"minecraft:spruce_log":132,"minecraft:iron_pickaxe":647,"minecraft:spruce_sapling":183,"minecraft:stone_axe":89,"minecraft:cobblestone":85,"minecraft:bucket":118,"minecraft:yellow_bed":2,"alexsmobs:animal_dictionary":33},"minecraft:dropped":{"minecraft:leather":4,"minecraft:flint":1,"minecraft:dirt":724,"minecraft:wooden_sword":1,"minecraft:sunflower":2,"minecraft:fishing_rod":2,"minecraft:white_wool":11,"minecraft:gravel":2,"minecraft:stone_axe":1,"minecraft:mangrove_roots":9,"minecraft:wheat":110,"minecraft:carrot":86,"minecraft:chainmail_chestplate":1,"minecraft:azalea":1,"minecraft:chest":2,"minecraft:egg":6,"minecraft:iron_ingot":13,"minecraft:bread":76,"minecraft:wheat_seeds":305,"minecraft:cobblestone":23,"minecraft:coal":31,"minecraft:stick":2,"minecraft:potion":1,"minecraft:stonecutter":1,"minecraft:iron_shovel":1,"minecraft:tripwire_hook":3,"minecraft:lily_pad":1,"minecraft:bowl":1,"minecraft:chicken":1,"minecraft:iron_hoe":2,"minecraft:pumpkin_seeds":150,"minecraft:potato":33,"minecraft:hay_block":64,"minecraft:shield":1,"minecraft:spruce_planks":65,"minecraft:iron_chestplate":1,"minecraft:bamboo":2,"minecraft:spruce_log":764,"minecraft:stone_pickaxe":1,"minecraft:wooden_pickaxe":2,"tombstone:tablet_of_cupidity":1},"minecraft:picked_up":{"minecraft:iron_chestplate":2,"minecraft:wheat":833,"minecraft:prismarine_shard":3,"minecraft:suspicious_stew":1,"minecraft:potion":1,"minecraft:enchanted_book":4,"minecraft:stone_brick_stairs":2,"minecraft:string":23,"minecraft:raw_copper":17,"minecraft:explorer_pottery_sherd":1,"minecraft:iron_leggings":1,"minecraft:pufferfish":1,"minecraft:sea_pickle":5,"minecraft:diamond_leggings":1,"minecraft:gold_nugget":15,"minecraft:spruce_planks":42,"minecraft:azalea":2,"alexsmobs:raccoon_tail":1,"minecraft:melon_slice":21,"minecraft:furnace":4,"minecraft:iron_boots":1,"minecraft:tipped_arrow":10,"minecraft:stick":199,"betterarcheology:guardian_fossil_head":2,"minecraft:spruce_stairs":16,"tombstone:grave_dust":15,"tombstone:tablet_of_cupidity":1,"minecraft:rotten_flesh":30,"alexsmobs:lost_tentacle":1,"minecraft:mangrove_roots":29,"minecraft:cod":7,"minecraft:cobblestone":646,"minecraft:feather":2,"minecraft:cooked_beef":3,"minecraft:water_bucket":1,"minecraft:jungle_log":93,"minecraft:smoker":4,"minecraft:potato":642,"minecraft:flint":30,"minecraft:dirt":4935,"minecraft:lantern":1,"minecraft:name_tag":1,"minecraft:bone":9,"minecraft:stonecutter":3,"minecraft:wheat_seeds":2948,"minecraft:fletching_table":1,"minecraft:diamond_helmet":1,"minecraft:bamboo":93,"betterarcheology:artifact_shards":1,"minecraft:poisonous_potato":4,"minecraft:sand":1,"minecraft:stripped_spruce_log":16,"minecraft:ink_sac":4,"minecraft:dead_bush":12,"minecraft:barrel":1,"minecraft:bundle":2,"minecraft:iron_hoe":1,"minecraft:polished_andesite":5,"minecraft:diamond":1,"minecraft:spruce_boat":6,"minecraft:bone_meal":2,"minecraft:bread":53,"minecraft:plenty_pottery_sherd":1,"minecraft:oak_sapling":8,"minecraft:crafting_table":5,"minecraft:fishing_rod":2,"minecraft:cocoa_beans":3,"minecraft:coarse_dirt":2,"minecraft:chicken":2,"minecraft:brown_mushroom":10,"minecraft:wooden_pickaxe":2,"minecraft:stone_brick_wall":1,"minecraft:brick":9,"minecraft:shield":1,"minecraft:white_carpet":6,"minecraft:candle":8,"minecraft:beef":15,"minecraft:andesite_stairs":1,"minecraft:poppy":1,"minecraft:spruce_slab":27,"minecraft:light_gray_wool":7,"minecraft:lectern":1,"minecraft:sugar_cane":30,"minecraft:chest":11,"minecraft:spruce_trapdoor":17,"minecraft:egg":40,"minecraft:raw_gold_block":1,"minecraft:copper_ingot":5,"minecraft:bowl":1,"sophisticatedbackpacks:backpack":1,"minecraft:spruce_fence":15,"minecraft:carrot":1568,"minecraft:prismarine_crystals":3,"tombstone:lost_tablet":1,"minecraft:arrow":1,"minecraft:diamond_chestplate":1,"minecraft:diamond_boots":1,"minecraft:hay_block":75,"minecraft:gold_ingot":2,"minecraft:white_wool":24,"betterarcheology:torrent_totem":1,"minecraft:tripwire_hook":3,"minecraft:salmon":29,"minecraft:leather":13,"minecraft:lily_pad":1,"minecraft:chainmail_chestplate":2,"minecraft:yellow_bed":3,"minecraft:apple":1,"minecraft:stone_bricks":5,"minecraft:iron_ingot":38,"minecraft:blade_pottery_sherd":1,"minecraft:emerald_block":1,"minecraft:pumpkin":119,"minecraft:sweet_berries":37,"minecraft:red_wool":9,"minecraft:gravel":208,"minecraft:spruce_sapling":297,"minecraft:blast_furnace":6,"minecraft:spruce_log":4353,"minecraft:spruce_door":2,"minecraft:spider_eye":3,"minecraft:pumpkin_seeds":130,"minecraft:stone_axe":1,"minecraft:honey_block":3,"minecraft:iron_helmet":1,"minecraft:scute":1,"tombstone:decorative_grave_normal":1,"minecraft:gray_wool":2,"tombstone:magic_scroll":1,"minecraft:black_wool":2,"minecraft:melon_seeds":1,"minecraft:coal":24,"minecraft:sunflower":2},"minecraft:killed_by":{"minecraft:creeper":2,"alexsmobs:cachalot_whale":1,"alexsmobs:giant_squid":1,"minecraft:skeleton":2},"minecraft:custom":{"minecraft:animals_bred":155,"minecraft:interact_with_crafting_table":89,"minecraft:open_barrel":4,"minecraft:bell_ring":4,"minecraft:leave_game":11,"minecraft:time_since_death":22189,"minecraft:sprint_one_cm":1666849,"minecraft:drop":262,"minecraft:talked_to_villager":5,"minecraft:play_time":581876,"minecraft:deaths":6,"minecraft:jump":7938,"minecraft:walk_on_water_one_cm":101361,"minecraft:interact_with_furnace":13,"minecraft:interact_with_loom":2,"minecraft:sleep_in_bed":17,"minecraft:damage_dealt":6040,"minecraft:crouch_one_cm":90974,"tombstone:undead_killed":20,"minecraft:interact_with_smoker":9,"minecraft:mob_kills":46,"minecraft:interact_with_anvil":4,"minecraft:walk_one_cm":2889166,"tombstone:consume_soul":1,"minecraft:sneak_time":19130,"minecraft:walk_under_water_one_cm":219579,"minecraft:boat_one_cm":431101,"minecraft:interact_with_blast_furnace":16,"minecraft:total_world_time":581876,"minecraft:interact_with_grindstone":1,"minecraft:time_since_rest":21891,"minecraft:damage_taken":4620,"minecraft:swim_one_cm":281758,"minecraft:fly_one_cm":1974698,"minecraft:open_chest":432,"minecraft:fish_caught":14,"minecraft:fall_one_cm":124588}},"DataVersion":3465}