{"stats":{"minecraft:mined":{"minecraft:diamond_ore":1,"minecraft:spruce_planks":43,"minecraft:farmland":5,"minecraft:candle":2,"minecraft:andesite_stairs":1,"minecraft:mangrove_roots":30,"minecraft:spruce_trapdoor":17,"minecraft:stone_brick_wall":1,"minecraft:spruce_fence":17,"minecraft:grass_block":2203,"minecraft:jungle_log":1,"minecraft:spruce_leaves":138,"minecraft:large_fern":17,"minecraft:hay_block":10,"minecraft:tall_seagrass":1,"minecraft:spruce_sapling":3,"minecraft:furnace":4,"minecraft:carrots":10,"minecraft:stripped_spruce_log":16,"minecraft:pumpkin":119,"minecraft:potatoes":54,"minecraft:dirt_path":41,"minecraft:bamboo_sapling":1,"minecraft:bamboo":8,"minecraft:azalea_leaves":2,"betterarcheology:loot_vase":1,"minecraft:stone":534,"minecraft:white_wool":10,"minecraft:spruce_slab":22,"minecraft:podzol":355,"minecraft:brown_mushroom":11,"minecraft:red_wool":9,"minecraft:melon_stem":2,"minecraft:brown_stained_glass_pane":4,"minecraft:smoker":4,"minecraft:spruce_door":2,"minecraft:powder_snow":100,"minecraft:crafting_table":5,"minecraft:jungle_stairs":1,"minecraft:blast_furnace":6,"minecraft:melon":1,"minecraft:chest":6,"minecraft:dead_bush":3,"minecraft:copper_ore":6,"minecraft:tall_grass":173,"minecraft:cobblestone":68,"minecraft:sugar_cane":14,"minecraft:spruce_stairs":16,"minecraft:seagrass":3,"minecraft:coarse_dirt":2,"betterarcheology:fossiliferous_dirt":2,"minecraft:sea_pickle":2,"minecraft:wheat":82,"minecraft:sweet_berry_bush":13,"minecraft:ice":11,"minecraft:spruce_log":30,"minecraft:white_carpet":6,"minecraft:pumpkin_stem":8,"minecraft:stone_brick_stairs":2,"minecraft:yellow_bed":3,"minecraft:grass":680,"minecraft:coal_ore":13,"minecraft:gravel":216,"minecraft:sunflower":1,"minecraft:dirt":1424,"minecraft:stonecutter":1,"minecraft:stone_bricks":5,"minecraft:polished_andesite":5,"minecraft:gold_ore":1,"minecraft:dark_oak_planks":4,"minecraft:oak_leaves":34,"minecraft:fern":39},"minecraft:killed":{"alexsmobs:raccoon":1,"minecraft:spider":4,"minecraft:skeleton":2,"minecraft:chicken":1,"alexsmobs:frilled_shark":3,"minecraft:salmon":14,"minecraft:iron_golem":1,"minecraft:zombie":8,"minecraft:cow":2},"minecraft:broken":{"minecraft:iron_shovel":17,"minecraft:stone_hoe":2,"minecraft:iron_axe":2,"minecraft:stone_axe":13,"minecraft:iron_pickaxe":2,"minecraft:iron_hoe":4},"minecraft:used":{"minecraft:iron_shovel":4427,"minecraft:poppy":1,"minecraft:chest":38,"minecraft:spruce_planks":43,"tombstone:fishing_rod_of_misadventure":30,"minecraft:stone_hoe":423,"minecraft:rotten_flesh":1,"minecraft:dirt":1137,"minecraft:white_carpet":26,"minecraft:chainmail_chestplate":1,"minecraft:carrot":341,"minecraft:spruce_fence":158,"minecraft:spruce_boat":7,"minecraft:iron_hoe":942,"minecraft:lantern":1,"minecraft:iron_axe":220,"minecraft:jungle_log":2,"minecraft:melon_seeds":7,"minecraft:bamboo":71,"tombstone:decorative_grave_normal":2,"minecraft:hay_block":20,"minecraft:mangrove_roots":1,"minecraft:sweet_berries":5,"minecraft:egg":3,"tombstone:gift":7,"minecraft:potato":193,"minecraft:iron_leggings":1,"minecraft:wheat_seeds":254,"minecraft:water_bucket":113,"minecraft:spruce_door":1,"minecraft:stone_pickaxe":13,"minecraft:polished_andesite":1,"minecraft:wooden_pickaxe":6,"minecraft:sugar_cane":16,"minecraft:diamond_axe":152,"minecraft:spruce_fence_gate":5,"minecraft:stonecutter":1,"minecraft:salmon":14,"minecraft:crafting_table":7,"minecraft:shears":21,"minecraft:spruce_log":132,"minecraft:pumpkin_seeds":73,"alexsmobs:frilled_shark_bucket":2,"minecraft:iron_pickaxe":642,"minecraft:gravel":4,"minecraft:spruce_sapling":183,"minecraft:bread":91,"minecraft:stone_axe":89,"minecraft:diamond_sword":11,"minecraft:cobblestone":69,"minecraft:azalea":1,"minecraft:coarse_dirt":2,"betterarcheology:iron_brush":4,"alexsmobs:animal_dictionary":31,"minecraft:bone_meal":3,"minecraft:bucket":115,"minecraft:yellow_bed":2},"minecraft:crafted":{"minecraft:wooden_sword":1,"minecraft:fishing_rod":1,"minecraft:stone":4,"minecraft:bone_meal":3,"minecraft:spruce_fence":156,"minecraft:white_carpet":21,"betterarcheology:iron_brush":1,"minecraft:iron_boots":1,"sophisticatedbackpacks:copper_backpack":1,"minecraft:iron_axe":2,"minecraft:melon_seeds":6,"minecraft:iron_hoe":4,"minecraft:stone_pickaxe":1,"minecraft:chest":32,"minecraft:spruce_boat":4,"minecraft:stone_hoe":2,"sophisticatedbackpacks:iron_backpack":1,"minecraft:wheat":9,"minecraft:diamond_sword":1,"minecraft:crafting_table":3,"minecraft:spruce_planks":708,"minecraft:iron_helmet":1,"minecraft:copper_ingot":17,"tombstone:ankh_of_pray":1,"sophisticatedbackpacks:gold_backpack":1,"minecraft:pumpkin_seeds":164,"minecraft:stone_axe":13,"minecraft:bread":149,"minecraft:air":0,"tombstone:decorative_grave_normal":1,"minecraft:iron_chestplate":1,"minecraft:book":1,"minecraft:paper":3,"naturescompass:naturescompass":1,"minecraft:stick":140,"minecraft:iron_ingot":10,"minecraft:compass":1,"minecraft:iron_pickaxe":3,"tombstone:dark_marble":4,"minecraft:iron_shovel":19,"minecraft:spruce_fence_gate":5,"minecraft:shears":1,"tombstone:fishing_rod_of_misadventure":1,"tombstone:book_of_disenchantment":1},"minecraft:dropped":{"minecraft:bread":76,"minecraft:iron_ingot":13,"minecraft:wheat_seeds":305,"minecraft:cobblestone":23,"minecraft:leather":4,"minecraft:coal":31,"minecraft:flint":1,"minecraft:stick":2,"minecraft:dirt":724,"minecraft:potion":1,"minecraft:wooden_sword":1,"minecraft:sunflower":2,"minecraft:stonecutter":1,"minecraft:iron_shovel":1,"minecraft:fishing_rod":2,"minecraft:tripwire_hook":3,"minecraft:lily_pad":1,"minecraft:white_wool":11,"minecraft:gravel":2,"minecraft:stone_axe":1,"minecraft:mangrove_roots":9,"minecraft:bowl":1,"minecraft:wheat":110,"minecraft:chicken":1,"minecraft:iron_hoe":2,"minecraft:pumpkin_seeds":150,"minecraft:carrot":86,"minecraft:chainmail_chestplate":1,"minecraft:potato":33,"minecraft:hay_block":64,"minecraft:shield":1,"minecraft:spruce_planks":65,"minecraft:iron_chestplate":1,"minecraft:chest":2,"minecraft:azalea":1,"minecraft:bamboo":2,"minecraft:spruce_log":764,"minecraft:stone_pickaxe":1,"minecraft:wooden_pickaxe":2,"tombstone:tablet_of_cupidity":1,"minecraft:egg":6},"minecraft:picked_up":{"minecraft:iron_chestplate":2,"minecraft:fishing_rod":2,"minecraft:cocoa_beans":3,"minecraft:coarse_dirt":2,"minecraft:crafting_table":5,"minecraft:wheat":833,"minecraft:chicken":2,"minecraft:brown_mushroom":10,"minecraft:wooden_pickaxe":2,"minecraft:stone_brick_wall":1,"minecraft:enchanted_book":3,"minecraft:potion":1,"minecraft:stone_brick_stairs":2,"minecraft:shield":1,"minecraft:string":23,"minecraft:raw_copper":17,"minecraft:iron_leggings":1,"minecraft:white_carpet":6,"minecraft:pufferfish":1,"minecraft:sea_pickle":5,"minecraft:diamond_leggings":1,"minecraft:candle":8,"minecraft:spruce_planks":42,"minecraft:beef":15,"minecraft:andesite_stairs":1,"minecraft:azalea":2,"alexsmobs:raccoon_tail":1,"minecraft:poppy":1,"minecraft:light_gray_wool":7,"minecraft:spruce_slab":27,"minecraft:lectern":1,"minecraft:melon_slice":6,"minecraft:sugar_cane":19,"minecraft:chest":10,"minecraft:spruce_trapdoor":17,"minecraft:egg":34,"minecraft:iron_boots":1,"minecraft:furnace":4,"minecraft:stick":199,"betterarcheology:guardian_fossil_head":1,"minecraft:bowl":1,"minecraft:spruce_stairs":16,"minecraft:spruce_fence":15,"sophisticatedbackpacks:backpack":1,"tombstone:grave_dust":14,"minecraft:carrot":1568,"tombstone:tablet_of_cupidity":1,"tombstone:lost_tablet":1,"minecraft:arrow":1,"minecraft:rotten_flesh":20,"minecraft:diamond_chestplate":1,"minecraft:diamond_boots":1,"minecraft:hay_block":75,"minecraft:mangrove_roots":29,"minecraft:cod":7,"minecraft:white_wool":24,"minecraft:cobblestone":646,"minecraft:feather":2,"minecraft:cooked_beef":3,"minecraft:jungle_log":93,"minecraft:tripwire_hook":3,"minecraft:water_bucket":1,"minecraft:salmon":23,"minecraft:leather":13,"minecraft:smoker":4,"minecraft:potato":642,"minecraft:flint":25,"minecraft:chainmail_chestplate":2,"minecraft:lily_pad":1,"minecraft:yellow_bed":3,"minecraft:dirt":4935,"minecraft:lantern":1,"minecraft:name_tag":1,"minecraft:bone":3,"minecraft:apple":1,"minecraft:stone_bricks":5,"minecraft:stonecutter":3,"minecraft:wheat_seeds":2948,"minecraft:iron_ingot":38,"minecraft:diamond_helmet":1,"minecraft:fletching_table":1,"minecraft:bamboo":93,"minecraft:pumpkin":119,"minecraft:sweet_berries":37,"minecraft:red_wool":9,"minecraft:poisonous_potato":4,"betterarcheology:artifact_shards":1,"minecraft:gravel":208,"minecraft:stripped_spruce_log":16,"minecraft:spruce_sapling":297,"minecraft:ink_sac":3,"minecraft:blast_furnace":6,"minecraft:dead_bush":3,"minecraft:spruce_log":4353,"minecraft:spider_eye":3,"minecraft:spruce_door":2,"minecraft:bundle":2,"minecraft:iron_hoe":1,"minecraft:polished_andesite":5,"minecraft:pumpkin_seeds":130,"minecraft:diamond":1,"minecraft:stone_axe":1,"minecraft:spruce_boat":5,"minecraft:iron_helmet":1,"tombstone:decorative_grave_normal":1,"minecraft:bone_meal":1,"minecraft:gray_wool":2,"minecraft:bread":53,"minecraft:oak_sapling":8,"minecraft:melon_seeds":1,"minecraft:black_wool":2,"minecraft:coal":24,"minecraft:sunflower":2},"minecraft:killed_by":{"minecraft:creeper":2,"minecraft:skeleton":2,"alexsmobs:giant_squid":1},"minecraft:custom":{"minecraft:interact_with_anvil":4,"minecraft:mob_kills":36,"minecraft:animals_bred":155,"minecraft:interact_with_crafting_table":89,"minecraft:open_barrel":3,"minecraft:bell_ring":4,"minecraft:leave_game":11,"minecraft:time_since_death":2557,"minecraft:sprint_one_cm":1621611,"minecraft:walk_one_cm":2851802,"tombstone:consume_soul":1,"minecraft:drop":262,"minecraft:talked_to_villager":5,"minecraft:play_time":551876,"minecraft:sneak_time":18074,"minecraft:deaths":5,"minecraft:walk_under_water_one_cm":106681,"minecraft:boat_one_cm":351406,"minecraft:jump":7537,"minecraft:interact_with_blast_furnace":16,"minecraft:walk_on_water_one_cm":54153,"minecraft:total_world_time":551876,"minecraft:interact_with_furnace":13,"minecraft:interact_with_loom":2,"minecraft:interact_with_grindstone":1,"minecraft:sleep_in_bed":17,"minecraft:time_since_rest":1535,"minecraft:damage_taken":3575,"minecraft:damage_dealt":4049,"minecraft:swim_one_cm":161671,"minecraft:fly_one_cm":1862413,"minecraft:open_chest":429,"minecraft:crouch_one_cm":90781,"tombstone:undead_killed":10,"minecraft:fall_one_cm":113934,"minecraft:fish_caught":14,"minecraft:interact_with_smoker":9}},"DataVersion":3465}