{"stats":{"minecraft:broken":{"minecraft:iron_shovel":6,"minecraft:stone_hoe":2,"minecraft:iron_axe":1,"minecraft:stone_axe":8},"minecraft:used":{"minecraft:iron_shovel":1702,"minecraft:chest":8,"minecraft:spruce_planks":36,"minecraft:stone_hoe":423,"minecraft:rotten_flesh":1,"minecraft:dirt":435,"minecraft:chainmail_chestplate":1,"minecraft:carrot":89,"minecraft:spruce_fence":120,"minecraft:spruce_boat":4,"minecraft:iron_hoe":68,"minecraft:iron_axe":12,"minecraft:hay_block":13,"minecraft:mangrove_roots":1,"tombstone:gift":3,"minecraft:egg":2,"minecraft:iron_leggings":1,"minecraft:wheat_seeds":253,"minecraft:water_bucket":4,"minecraft:stone_pickaxe":13,"minecraft:polished_andesite":1,"minecraft:wooden_pickaxe":6,"minecraft:spruce_fence_gate":4,"minecraft:salmon":14,"minecraft:crafting_table":6,"minecraft:shears":18,"minecraft:spruce_log":115,"minecraft:bread":38,"minecraft:iron_pickaxe":104,"minecraft:gravel":1,"minecraft:spruce_sapling":81,"minecraft:stone_axe":83,"minecraft:cobblestone":49,"minecraft:bucket":4,"minecraft:yellow_bed":1,"alexsmobs:animal_dictionary":21,"minecraft:coarse_dirt":1},"minecraft:picked_up":{"minecraft:crafting_table":4,"minecraft:coarse_dirt":1,"minecraft:wheat":406,"minecraft:chicken":2,"minecraft:brown_mushroom":10,"minecraft:wooden_pickaxe":2,"minecraft:stone_brick_wall":1,"minecraft:enchanted_book":2,"minecraft:stone_brick_stairs":2,"minecraft:shield":1,"minecraft:string":8,"minecraft:candle":4,"minecraft:spruce_planks":1,"minecraft:beef":3,"minecraft:light_gray_wool":7,"minecraft:lectern":1,"minecraft:chest":4,"minecraft:egg":4,"minecraft:furnace":4,"minecraft:stick":57,"minecraft:spruce_fence":8,"sophisticatedbackpacks:backpack":1,"minecraft:carrot":70,"minecraft:rotten_flesh":17,"minecraft:arrow":1,"minecraft:hay_block":68,"minecraft:mangrove_roots":1,"minecraft:white_wool":24,"minecraft:cobblestone":103,"minecraft:feather":2,"minecraft:cooked_beef":3,"minecraft:water_bucket":1,"minecraft:salmon":15,"minecraft:leather":4,"minecraft:smoker":4,"minecraft:flint":16,"minecraft:yellow_bed":1,"minecraft:dirt":2507,"minecraft:stone_bricks":5,"minecraft:stonecutter":1,"minecraft:wheat_seeds":1738,"minecraft:iron_ingot":35,"minecraft:fletching_table":1,"minecraft:pumpkin":10,"minecraft:sweet_berries":30,"minecraft:red_wool":9,"minecraft:gravel":138,"minecraft:spruce_sapling":107,"minecraft:blast_furnace":6,"minecraft:ink_sac":3,"minecraft:spruce_log":2120,"minecraft:spider_eye":1,"minecraft:bundle":1,"minecraft:iron_hoe":1,"minecraft:polished_andesite":5,"minecraft:pumpkin_seeds":106,"minecraft:stone_axe":1,"minecraft:spruce_boat":3,"minecraft:bone_meal":1,"minecraft:gray_wool":2,"minecraft:bread":53,"minecraft:black_wool":2,"minecraft:coal":2,"minecraft:sunflower":1},"minecraft:mined":{"minecraft:farmland":1,"minecraft:candle":1,"minecraft:mangrove_roots":1,"minecraft:grass_block":1153,"minecraft:stone_brick_wall":1,"minecraft:spruce_fence":8,"minecraft:spruce_leaves":37,"minecraft:large_fern":17,"minecraft:hay_block":3,"minecraft:tall_seagrass":1,"minecraft:spruce_sapling":1,"minecraft:furnace":4,"minecraft:carrots":7,"minecraft:pumpkin":10,"minecraft:dirt_path":18,"minecraft:stone":87,"minecraft:white_wool":10,"minecraft:podzol":68,"minecraft:brown_mushroom":11,"minecraft:red_wool":9,"minecraft:melon_stem":2,"minecraft:brown_stained_glass_pane":2,"minecraft:smoker":4,"minecraft:powder_snow":100,"minecraft:crafting_table":4,"minecraft:blast_furnace":6,"minecraft:chest":2,"minecraft:tall_grass":164,"minecraft:copper_ore":1,"minecraft:cobblestone":1,"minecraft:seagrass":1,"minecraft:coarse_dirt":1,"minecraft:wheat":78,"minecraft:sweet_berry_bush":11,"minecraft:ice":8,"minecraft:spruce_log":9,"minecraft:stone_brick_stairs":2,"minecraft:yellow_bed":1,"minecraft:grass":620,"minecraft:coal_ore":2,"minecraft:sunflower":1,"minecraft:gravel":136,"minecraft:dirt":351,"minecraft:polished_andesite":5,"minecraft:stone_bricks":5,"minecraft:fern":39},"minecraft:killed":{"minecraft:spider":2,"minecraft:chicken":1,"minecraft:salmon":14,"minecraft:zombie":4,"minecraft:cow":2},"minecraft:custom":{"minecraft:interact_with_anvil":1,"minecraft:mob_kills":23,"minecraft:animals_bred":39,"minecraft:interact_with_crafting_table":41,"minecraft:open_barrel":2,"minecraft:leave_game":7,"minecraft:time_since_death":22983,"minecraft:sprint_one_cm":674291,"minecraft:walk_one_cm":1396725,"minecraft:drop":178,"minecraft:play_time":242126,"minecraft:deaths":3,"minecraft:sneak_time":7029,"minecraft:walk_under_water_one_cm":20933,"minecraft:boat_one_cm":295769,"minecraft:jump":3374,"minecraft:interact_with_blast_furnace":8,"minecraft:walk_on_water_one_cm":23230,"minecraft:total_world_time":242126,"minecraft:interact_with_furnace":9,"minecraft:sleep_in_bed":4,"minecraft:time_since_rest":8914,"minecraft:damage_taken":1892,"minecraft:damage_dealt":1788,"minecraft:swim_one_cm":28433,"minecraft:fly_one_cm":829557,"minecraft:open_chest":129,"minecraft:crouch_one_cm":33901,"tombstone:undead_killed":4,"minecraft:interact_with_smoker":8,"minecraft:fall_one_cm":56046},"minecraft:killed_by":{"minecraft:creeper":2,"minecraft:skeleton":1},"minecraft:dropped":{"minecraft:iron_ingot":13,"minecraft:bread":76,"minecraft:wheat_seeds":304,"minecraft:cobblestone":23,"minecraft:coal":31,"minecraft:stick":2,"minecraft:dirt":724,"minecraft:sunflower":1,"minecraft:white_wool":11,"minecraft:stone_axe":1,"minecraft:wheat":109,"minecraft:chicken":1,"minecraft:iron_hoe":2,"minecraft:pumpkin_seeds":124,"minecraft:hay_block":64,"minecraft:shield":1,"minecraft:spruce_planks":64,"minecraft:spruce_log":334,"minecraft:stone_pickaxe":1,"minecraft:wooden_pickaxe":2,"minecraft:egg":2},"minecraft:crafted":{"minecraft:spruce_fence":156,"minecraft:iron_axe":1,"minecraft:iron_hoe":1,"minecraft:stone_pickaxe":1,"minecraft:chest":5,"minecraft:spruce_boat":2,"minecraft:stone_hoe":2,"minecraft:wheat":9,"minecraft:crafting_table":2,"minecraft:spruce_planks":464,"minecraft:pumpkin_seeds":40,"minecraft:stone_axe":8,"minecraft:bread":86,"minecraft:stick":140,"minecraft:iron_ingot":10,"minecraft:iron_pickaxe":1,"minecraft:iron_shovel":7,"minecraft:spruce_fence_gate":4,"minecraft:shears":1}},"DataVersion":3465}