{"stats":{"minecraft:crafted":{"minecraft:spruce_fence":156,"minecraft:white_carpet":3,"sophisticatedbackpacks:copper_backpack":1,"minecraft:iron_axe":2,"minecraft:iron_hoe":2,"minecraft:stone_pickaxe":1,"minecraft:chest":15,"minecraft:spruce_boat":2,"minecraft:stone_hoe":2,"sophisticatedbackpacks:iron_backpack":1,"minecraft:wheat":9,"minecraft:crafting_table":2,"minecraft:spruce_planks":544,"minecraft:copper_ingot":17,"sophisticatedbackpacks:gold_backpack":1,"minecraft:pumpkin_seeds":128,"minecraft:stone_axe":13,"minecraft:bread":106,"minecraft:air":0,"minecraft:stick":140,"minecraft:iron_ingot":10,"minecraft:iron_pickaxe":2,"minecraft:iron_shovel":14,"minecraft:spruce_fence_gate":4,"minecraft:shears":1},"minecraft:broken":{"minecraft:iron_shovel":13,"minecraft:stone_hoe":2,"minecraft:iron_axe":1,"minecraft:stone_axe":13,"minecraft:iron_pickaxe":1,"minecraft:iron_hoe":1},"minecraft:used":{"minecraft:iron_shovel":3304,"minecraft:chest":20,"minecraft:spruce_planks":36,"minecraft:stone_hoe":423,"minecraft:rotten_flesh":1,"minecraft:dirt":664,"minecraft:white_carpet":3,"minecraft:chainmail_chestplate":1,"minecraft:carrot":226,"minecraft:spruce_fence":120,"minecraft:spruce_boat":4,"minecraft:iron_hoe":299,"minecraft:iron_axe":174,"minecraft:hay_block":13,"minecraft:mangrove_roots":1,"minecraft:sweet_berries":5,"tombstone:gift":3,"minecraft:egg":3,"minecraft:iron_leggings":1,"minecraft:wheat_seeds":253,"minecraft:water_bucket":26,"minecraft:stone_pickaxe":13,"minecraft:polished_andesite":1,"minecraft:wooden_pickaxe":6,"minecraft:spruce_fence_gate":4,"minecraft:salmon":14,"minecraft:crafting_table":6,"minecraft:shears":18,"minecraft:spruce_log":115,"minecraft:pumpkin_seeds":40,"minecraft:bread":47,"minecraft:iron_pickaxe":480,"minecraft:spruce_sapling":121,"minecraft:gravel":1,"minecraft:stone_axe":89,"minecraft:cobblestone":57,"minecraft:bucket":26,"minecraft:yellow_bed":1,"alexsmobs:animal_dictionary":22,"minecraft:coarse_dirt":1},"minecraft:custom":{"minecraft:interact_with_anvil":2,"minecraft:mob_kills":25,"minecraft:animals_bred":111,"minecraft:interact_with_crafting_table":60,"minecraft:open_barrel":2,"minecraft:leave_game":8,"minecraft:time_since_death":128754,"minecraft:sprint_one_cm":967004,"minecraft:walk_one_cm":1984828,"minecraft:drop":184,"minecraft:talked_to_villager":1,"minecraft:play_time":347897,"minecraft:sneak_time":14176,"minecraft:deaths":3,"minecraft:walk_under_water_one_cm":21084,"minecraft:boat_one_cm":295769,"minecraft:jump":4378,"minecraft:interact_with_blast_furnace":11,"minecraft:walk_on_water_one_cm":26149,"minecraft:total_world_time":347897,"minecraft:interact_with_furnace":9,"minecraft:sleep_in_bed":9,"minecraft:time_since_rest":55175,"minecraft:damage_taken":1990,"minecraft:damage_dealt":1908,"minecraft:swim_one_cm":31923,"minecraft:fly_one_cm":1073496,"minecraft:open_chest":222,"minecraft:crouch_one_cm":73762,"tombstone:undead_killed":5,"minecraft:interact_with_smoker":8,"minecraft:fall_one_cm":63765},"minecraft:dropped":{"minecraft:iron_ingot":13,"minecraft:bread":76,"minecraft:wheat_seeds":304,"minecraft:cobblestone":23,"minecraft:coal":31,"minecraft:stick":2,"minecraft:dirt":724,"minecraft:sunflower":1,"minecraft:white_wool":11,"minecraft:stone_axe":1,"minecraft:wheat":109,"minecraft:chicken":1,"minecraft:iron_hoe":2,"minecraft:pumpkin_seeds":124,"minecraft:carrot":49,"minecraft:hay_block":64,"minecraft:shield":1,"minecraft:spruce_planks":64,"minecraft:spruce_log":334,"minecraft:wooden_pickaxe":2,"minecraft:stone_pickaxe":1,"minecraft:egg":2},"minecraft:killed_by":{"minecraft:creeper":2,"minecraft:skeleton":1},"minecraft:killed":{"alexsmobs:raccoon":1,"minecraft:spider":2,"minecraft:chicken":1,"minecraft:salmon":14,"minecraft:zombie":5,"minecraft:cow":2},"minecraft:picked_up":{"minecraft:crafting_table":4,"minecraft:coarse_dirt":1,"minecraft:wheat":600,"minecraft:chicken":2,"minecraft:brown_mushroom":10,"minecraft:wooden_pickaxe":2,"minecraft:stone_brick_wall":1,"minecraft:enchanted_book":2,"minecraft:stone_brick_stairs":2,"minecraft:shield":1,"minecraft:string":8,"minecraft:raw_copper":17,"minecraft:candle":8,"minecraft:spruce_planks":27,"minecraft:beef":3,"alexsmobs:raccoon_tail":1,"minecraft:light_gray_wool":7,"minecraft:spruce_slab":27,"minecraft:lectern":1,"minecraft:chest":7,"minecraft:spruce_trapdoor":17,"minecraft:furnace":4,"minecraft:egg":7,"minecraft:stick":125,"minecraft:spruce_stairs":16,"minecraft:spruce_fence":12,"sophisticatedbackpacks:backpack":1,"tombstone:grave_dust":1,"minecraft:carrot":641,"minecraft:arrow":1,"minecraft:rotten_flesh":19,"minecraft:hay_block":68,"minecraft:mangrove_roots":20,"minecraft:cobblestone":460,"minecraft:white_wool":24,"minecraft:feather":2,"minecraft:cooked_beef":3,"minecraft:water_bucket":1,"minecraft:salmon":15,"minecraft:leather":4,"minecraft:smoker":4,"minecraft:flint":16,"minecraft:yellow_bed":2,"minecraft:dirt":4101,"minecraft:bone":1,"minecraft:stone_bricks":5,"minecraft:stonecutter":1,"minecraft:wheat_seeds":2302,"minecraft:iron_ingot":35,"minecraft:fletching_table":1,"minecraft:pumpkin":39,"minecraft:sweet_berries":37,"minecraft:red_wool":9,"minecraft:gravel":138,"minecraft:stripped_spruce_log":16,"minecraft:spruce_sapling":192,"minecraft:blast_furnace":6,"minecraft:ink_sac":3,"minecraft:spruce_log":3234,"minecraft:spruce_door":1,"minecraft:spider_eye":1,"minecraft:bundle":1,"minecraft:iron_hoe":1,"minecraft:polished_andesite":5,"minecraft:pumpkin_seeds":107,"minecraft:spruce_boat":3,"minecraft:stone_axe":1,"minecraft:bone_meal":1,"minecraft:gray_wool":2,"minecraft:bread":53,"minecraft:oak_sapling":8,"minecraft:black_wool":2,"minecraft:coal":13,"minecraft:sunflower":2},"minecraft:mined":{"minecraft:dark_oak_planks":4,"minecraft:spruce_planks":26,"minecraft:farmland":3,"minecraft:candle":2,"minecraft:mangrove_roots":22,"minecraft:spruce_trapdoor":17,"minecraft:grass_block":1813,"minecraft:spruce_fence":12,"minecraft:stone_brick_wall":1,"minecraft:spruce_leaves":39,"minecraft:large_fern":17,"minecraft:hay_block":3,"minecraft:tall_seagrass":1,"minecraft:spruce_sapling":1,"minecraft:furnace":4,"minecraft:carrots":10,"minecraft:stripped_spruce_log":16,"minecraft:pumpkin":39,"minecraft:dirt_path":41,"minecraft:stone":439,"minecraft:white_wool":10,"minecraft:spruce_slab":22,"minecraft:podzol":256,"minecraft:brown_mushroom":11,"minecraft:red_wool":9,"minecraft:melon_stem":2,"minecraft:brown_stained_glass_pane":3,"minecraft:smoker":4,"minecraft:spruce_door":1,"minecraft:powder_snow":100,"minecraft:crafting_table":4,"minecraft:jungle_stairs":1,"minecraft:blast_furnace":6,"minecraft:chest":5,"minecraft:tall_grass":173,"minecraft:copper_ore":6,"minecraft:cobblestone":9,"minecraft:seagrass":1,"minecraft:spruce_stairs":16,"minecraft:coarse_dirt":1,"minecraft:wheat":78,"minecraft:sweet_berry_bush":13,"minecraft:ice":8,"minecraft:spruce_log":9,"minecraft:pumpkin_stem":8,"minecraft:stone_brick_stairs":2,"minecraft:yellow_bed":2,"minecraft:grass":674,"minecraft:coal_ore":13,"minecraft:sunflower":1,"minecraft:gravel":136,"minecraft:dirt":1075,"minecraft:polished_andesite":5,"minecraft:stone_bricks":5,"minecraft:oak_leaves":24,"minecraft:fern":39}},"DataVersion":3465}