{"stats":{"minecraft:broken":{"minecraft:iron_shovel":3,"minecraft:stone_hoe":2,"minecraft:stone_axe":6},"minecraft:used":{"minecraft:iron_shovel":970,"minecraft:spruce_planks":36,"minecraft:chest":6,"minecraft:stone_hoe":423,"minecraft:rotten_flesh":1,"minecraft:dirt":374,"minecraft:chainmail_chestplate":1,"minecraft:carrot":28,"minecraft:spruce_fence":120,"minecraft:spruce_boat":4,"minecraft:iron_hoe":62,"minecraft:iron_axe":9,"minecraft:hay_block":8,"minecraft:mangrove_roots":1,"tombstone:gift":3,"minecraft:iron_leggings":1,"minecraft:wheat_seeds":236,"minecraft:water_bucket":4,"minecraft:polished_andesite":1,"minecraft:stone_pickaxe":13,"minecraft:wooden_pickaxe":6,"minecraft:spruce_fence_gate":4,"minecraft:salmon":14,"minecraft:crafting_table":6,"minecraft:shears":18,"minecraft:spruce_log":107,"minecraft:bread":30,"minecraft:iron_pickaxe":96,"minecraft:spruce_sapling":61,"minecraft:stone_axe":80,"minecraft:cobblestone":49,"minecraft:bucket":4,"minecraft:yellow_bed":1,"alexsmobs:animal_dictionary":20,"minecraft:coarse_dirt":1},"minecraft:picked_up":{"minecraft:coarse_dirt":1,"minecraft:crafting_table":4,"minecraft:wheat":171,"minecraft:chicken":2,"minecraft:brown_mushroom":10,"minecraft:wooden_pickaxe":2,"minecraft:stone_brick_wall":1,"minecraft:enchanted_book":1,"minecraft:stone_brick_stairs":2,"minecraft:shield":1,"minecraft:string":8,"minecraft:candle":4,"minecraft:spruce_planks":1,"minecraft:beef":3,"minecraft:lectern":1,"minecraft:chest":2,"minecraft:furnace":4,"minecraft:egg":2,"minecraft:stick":51,"sophisticatedbackpacks:backpack":1,"minecraft:spruce_fence":8,"minecraft:carrot":21,"minecraft:arrow":1,"minecraft:rotten_flesh":15,"minecraft:hay_block":2,"minecraft:mangrove_roots":1,"minecraft:white_wool":11,"minecraft:cobblestone":81,"minecraft:feather":2,"minecraft:cooked_beef":3,"minecraft:water_bucket":1,"minecraft:salmon":15,"minecraft:leather":4,"minecraft:smoker":4,"minecraft:flint":16,"minecraft:yellow_bed":1,"minecraft:dirt":866,"minecraft:stone_bricks":5,"minecraft:stonecutter":1,"minecraft:wheat_seeds":676,"minecraft:iron_ingot":3,"minecraft:fletching_table":1,"minecraft:pumpkin":10,"minecraft:sweet_berries":30,"minecraft:red_wool":9,"minecraft:gravel":120,"minecraft:spruce_sapling":95,"minecraft:blast_furnace":6,"minecraft:ink_sac":3,"minecraft:spruce_log":1013,"minecraft:spider_eye":1,"minecraft:bundle":1,"minecraft:polished_andesite":5,"minecraft:pumpkin_seeds":106,"minecraft:spruce_boat":3,"minecraft:bone_meal":1,"minecraft:bread":32,"minecraft:coal":2,"minecraft:sunflower":1},"minecraft:mined":{"minecraft:farmland":1,"minecraft:candle":1,"minecraft:mangrove_roots":1,"minecraft:grass_block":695,"minecraft:stone_brick_wall":1,"minecraft:spruce_fence":8,"minecraft:spruce_leaves":37,"minecraft:large_fern":17,"minecraft:hay_block":2,"minecraft:tall_seagrass":1,"minecraft:spruce_sapling":1,"minecraft:furnace":4,"minecraft:carrots":7,"minecraft:pumpkin":10,"minecraft:dirt_path":18,"minecraft:stone":80,"minecraft:white_wool":10,"minecraft:podzol":52,"minecraft:brown_mushroom":11,"minecraft:red_wool":9,"minecraft:melon_stem":2,"minecraft:brown_stained_glass_pane":2,"minecraft:smoker":4,"minecraft:powder_snow":100,"minecraft:crafting_table":4,"minecraft:blast_furnace":6,"minecraft:chest":2,"minecraft:tall_grass":164,"minecraft:cobblestone":1,"minecraft:seagrass":1,"minecraft:coarse_dirt":1,"minecraft:sweet_berry_bush":11,"minecraft:wheat":78,"minecraft:ice":8,"minecraft:spruce_log":9,"minecraft:yellow_bed":1,"minecraft:stone_brick_stairs":2,"minecraft:grass":612,"minecraft:coal_ore":2,"minecraft:sunflower":1,"minecraft:gravel":136,"minecraft:dirt":100,"minecraft:polished_andesite":5,"minecraft:stone_bricks":5,"minecraft:fern":39},"minecraft:killed":{"minecraft:spider":2,"minecraft:chicken":1,"minecraft:salmon":14,"minecraft:zombie":3,"minecraft:cow":2},"minecraft:custom":{"minecraft:mob_kills":22,"minecraft:animals_bred":24,"minecraft:interact_with_crafting_table":36,"minecraft:open_barrel":2,"minecraft:leave_game":4,"minecraft:time_since_death":32818,"minecraft:sprint_one_cm":501601,"minecraft:walk_one_cm":1178843,"minecraft:drop":126,"minecraft:play_time":197702,"minecraft:deaths":2,"minecraft:sneak_time":5163,"minecraft:walk_under_water_one_cm":20715,"minecraft:boat_one_cm":295769,"minecraft:jump":2612,"minecraft:interact_with_blast_furnace":8,"minecraft:walk_on_water_one_cm":21832,"minecraft:total_world_time":197702,"minecraft:interact_with_furnace":9,"minecraft:sleep_in_bed":3,"minecraft:time_since_rest":32622,"minecraft:damage_taken":1391,"minecraft:damage_dealt":1489,"minecraft:fly_one_cm":619066,"minecraft:swim_one_cm":26087,"minecraft:open_chest":97,"minecraft:crouch_one_cm":20828,"tombstone:undead_killed":3,"minecraft:interact_with_smoker":8,"minecraft:fall_one_cm":42756},"minecraft:killed_by":{"minecraft:creeper":1,"minecraft:skeleton":1},"minecraft:dropped":{"minecraft:bread":36,"minecraft:cobblestone":3,"minecraft:stick":2,"minecraft:sunflower":1,"minecraft:chicken":1,"minecraft:pumpkin_seeds":124,"minecraft:spruce_log":14,"minecraft:wooden_pickaxe":2,"minecraft:egg":2},"minecraft:crafted":{"minecraft:spruce_fence":156,"minecraft:iron_axe":1,"minecraft:iron_hoe":1,"minecraft:stone_pickaxe":1,"minecraft:chest":5,"minecraft:spruce_boat":2,"minecraft:stone_hoe":2,"minecraft:crafting_table":2,"minecraft:spruce_planks":464,"minecraft:pumpkin_seeds":40,"minecraft:stone_axe":6,"minecraft:bread":64,"minecraft:stick":140,"minecraft:iron_ingot":10,"minecraft:iron_pickaxe":1,"minecraft:iron_shovel":4,"minecraft:spruce_fence_gate":4,"minecraft:shears":1}},"DataVersion":3465}