{"stats":{"minecraft:broken":{"minecraft:iron_shovel":2,"minecraft:stone_hoe":2,"minecraft:stone_axe":6},"minecraft:used":{"minecraft:iron_shovel":759,"minecraft:spruce_planks":36,"minecraft:chest":6,"minecraft:stone_hoe":423,"minecraft:rotten_flesh":1,"minecraft:dirt":276,"minecraft:chainmail_chestplate":1,"minecraft:carrot":17,"minecraft:spruce_fence":61,"minecraft:spruce_boat":4,"minecraft:iron_hoe":62,"minecraft:iron_axe":8,"minecraft:hay_block":8,"minecraft:mangrove_roots":1,"tombstone:gift":2,"minecraft:iron_leggings":1,"minecraft:wheat_seeds":233,"minecraft:water_bucket":4,"minecraft:polished_andesite":1,"minecraft:stone_pickaxe":13,"minecraft:wooden_pickaxe":6,"minecraft:spruce_fence_gate":2,"minecraft:salmon":14,"minecraft:crafting_table":6,"minecraft:shears":18,"minecraft:spruce_log":107,"minecraft:bread":20,"minecraft:iron_pickaxe":92,"minecraft:spruce_sapling":61,"minecraft:stone_axe":80,"minecraft:cobblestone":49,"minecraft:bucket":3,"minecraft:yellow_bed":1,"alexsmobs:animal_dictionary":13,"minecraft:coarse_dirt":1},"minecraft:picked_up":{"minecraft:coarse_dirt":1,"minecraft:crafting_table":4,"minecraft:wheat":69,"minecraft:chicken":1,"minecraft:brown_mushroom":10,"minecraft:wooden_pickaxe":2,"minecraft:stone_brick_wall":1,"minecraft:enchanted_book":1,"minecraft:stone_brick_stairs":2,"minecraft:shield":1,"minecraft:string":8,"minecraft:candle":4,"minecraft:spruce_planks":1,"minecraft:beef":3,"minecraft:lectern":1,"minecraft:chest":2,"minecraft:furnace":4,"minecraft:egg":2,"minecraft:stick":51,"sophisticatedbackpacks:backpack":1,"minecraft:spruce_fence":7,"minecraft:carrot":11,"minecraft:arrow":1,"minecraft:rotten_flesh":15,"minecraft:hay_block":2,"minecraft:mangrove_roots":1,"minecraft:white_wool":11,"minecraft:cobblestone":77,"minecraft:feather":2,"minecraft:cooked_beef":3,"minecraft:water_bucket":1,"minecraft:salmon":14,"minecraft:leather":4,"minecraft:smoker":4,"minecraft:flint":9,"minecraft:yellow_bed":1,"minecraft:dirt":694,"minecraft:stone_bricks":5,"minecraft:stonecutter":1,"minecraft:wheat_seeds":374,"minecraft:iron_ingot":3,"minecraft:fletching_table":1,"minecraft:pumpkin":10,"minecraft:sweet_berries":24,"minecraft:red_wool":9,"minecraft:gravel":79,"minecraft:spruce_sapling":95,"minecraft:blast_furnace":6,"minecraft:ink_sac":3,"minecraft:spruce_log":1013,"minecraft:spider_eye":1,"minecraft:bundle":1,"minecraft:polished_andesite":5,"minecraft:pumpkin_seeds":71,"minecraft:spruce_boat":3,"minecraft:bone_meal":1,"minecraft:bread":32,"minecraft:coal":2,"minecraft:sunflower":1},"minecraft:mined":{"minecraft:farmland":1,"minecraft:candle":1,"minecraft:mangrove_roots":1,"minecraft:grass_block":557,"minecraft:stone_brick_wall":1,"minecraft:spruce_fence":7,"minecraft:spruce_leaves":36,"minecraft:large_fern":17,"minecraft:hay_block":2,"minecraft:tall_seagrass":1,"minecraft:spruce_sapling":1,"minecraft:furnace":4,"minecraft:carrots":7,"minecraft:pumpkin":10,"minecraft:dirt_path":18,"minecraft:stone":76,"minecraft:white_wool":10,"minecraft:podzol":52,"minecraft:brown_mushroom":11,"minecraft:red_wool":9,"minecraft:melon_stem":2,"minecraft:brown_stained_glass_pane":2,"minecraft:smoker":4,"minecraft:powder_snow":100,"minecraft:crafting_table":4,"minecraft:blast_furnace":6,"minecraft:chest":2,"minecraft:tall_grass":164,"minecraft:cobblestone":1,"minecraft:seagrass":1,"minecraft:coarse_dirt":1,"minecraft:sweet_berry_bush":8,"minecraft:wheat":78,"minecraft:ice":8,"minecraft:spruce_log":9,"minecraft:yellow_bed":1,"minecraft:stone_brick_stairs":2,"minecraft:grass":520,"minecraft:coal_ore":2,"minecraft:sunflower":1,"minecraft:gravel":88,"minecraft:dirt":82,"minecraft:polished_andesite":5,"minecraft:stone_bricks":5,"minecraft:fern":39},"minecraft:killed":{"minecraft:spider":2,"minecraft:chicken":1,"minecraft:salmon":14,"minecraft:zombie":3,"minecraft:cow":2},"minecraft:custom":{"minecraft:mob_kills":22,"minecraft:animals_bred":4,"minecraft:interact_with_crafting_table":32,"minecraft:open_barrel":2,"minecraft:leave_game":4,"minecraft:time_since_death":120684,"minecraft:sprint_one_cm":296543,"minecraft:walk_one_cm":1003359,"minecraft:drop":87,"minecraft:play_time":155702,"minecraft:deaths":1,"minecraft:sneak_time":4093,"minecraft:walk_under_water_one_cm":19772,"minecraft:boat_one_cm":295769,"minecraft:jump":1692,"minecraft:interact_with_blast_furnace":8,"minecraft:walk_on_water_one_cm":16965,"minecraft:total_world_time":155702,"minecraft:interact_with_furnace":9,"minecraft:sleep_in_bed":2,"minecraft:time_since_rest":8091,"minecraft:damage_taken":955,"minecraft:damage_dealt":1489,"minecraft:fly_one_cm":370163,"minecraft:swim_one_cm":18516,"minecraft:open_chest":75,"minecraft:crouch_one_cm":17716,"tombstone:undead_killed":3,"minecraft:interact_with_smoker":8,"minecraft:fall_one_cm":23329},"minecraft:killed_by":{"minecraft:skeleton":1},"minecraft:dropped":{"minecraft:bread":36,"minecraft:cobblestone":3,"minecraft:stick":2,"minecraft:sunflower":1,"minecraft:pumpkin_seeds":80,"minecraft:spruce_log":14,"minecraft:wooden_pickaxe":2},"minecraft:crafted":{"minecraft:spruce_fence":54,"minecraft:iron_axe":1,"minecraft:iron_hoe":1,"minecraft:stone_pickaxe":1,"minecraft:chest":5,"minecraft:spruce_boat":2,"minecraft:stone_hoe":2,"minecraft:crafting_table":2,"minecraft:spruce_planks":208,"minecraft:pumpkin_seeds":24,"minecraft:stone_axe":6,"minecraft:bread":43,"minecraft:stick":96,"minecraft:iron_ingot":1,"minecraft:iron_pickaxe":1,"minecraft:iron_shovel":3,"minecraft:spruce_fence_gate":2,"minecraft:shears":1}},"DataVersion":3465}