{"stats":{"minecraft:mined":{"minecraft:dark_oak_planks":4,"minecraft:spruce_planks":31,"minecraft:farmland":4,"minecraft:candle":2,"minecraft:mangrove_roots":30,"minecraft:spruce_trapdoor":17,"minecraft:grass_block":2031,"minecraft:spruce_fence":12,"minecraft:stone_brick_wall":1,"minecraft:spruce_leaves":40,"minecraft:large_fern":17,"minecraft:hay_block":3,"minecraft:tall_seagrass":1,"minecraft:spruce_sapling":1,"minecraft:furnace":4,"minecraft:carrots":10,"minecraft:stripped_spruce_log":16,"minecraft:pumpkin":54,"minecraft:potatoes":54,"minecraft:dirt_path":41,"betterarcheology:loot_vase":1,"minecraft:stone":503,"minecraft:white_wool":10,"minecraft:spruce_slab":22,"minecraft:podzol":313,"minecraft:brown_mushroom":11,"minecraft:red_wool":9,"minecraft:melon_stem":2,"minecraft:brown_stained_glass_pane":3,"minecraft:smoker":4,"minecraft:spruce_door":1,"minecraft:powder_snow":100,"minecraft:crafting_table":4,"minecraft:jungle_stairs":1,"minecraft:blast_furnace":6,"minecraft:chest":5,"minecraft:tall_grass":173,"minecraft:copper_ore":6,"minecraft:cobblestone":19,"minecraft:seagrass":1,"minecraft:spruce_stairs":16,"minecraft:coarse_dirt":2,"betterarcheology:fossiliferous_dirt":2,"minecraft:wheat":78,"minecraft:sweet_berry_bush":13,"minecraft:ice":8,"minecraft:spruce_log":9,"minecraft:pumpkin_stem":8,"minecraft:yellow_bed":2,"minecraft:stone_brick_stairs":2,"minecraft:grass":680,"minecraft:coal_ore":13,"minecraft:sunflower":1,"minecraft:gravel":136,"minecraft:dirt":1290,"minecraft:polished_andesite":5,"minecraft:stone_bricks":5,"minecraft:oak_leaves":34,"minecraft:fern":39},"minecraft:killed":{"alexsmobs:raccoon":1,"minecraft:spider":2,"minecraft:skeleton":1,"minecraft:chicken":1,"minecraft:salmon":14,"minecraft:iron_golem":1,"minecraft:zombie":6,"minecraft:cow":2},"minecraft:crafted":{"minecraft:stone":4,"minecraft:spruce_fence":156,"minecraft:white_carpet":3,"minecraft:iron_boots":1,"sophisticatedbackpacks:copper_backpack":1,"minecraft:iron_axe":2,"minecraft:iron_hoe":2,"minecraft:stone_pickaxe":1,"minecraft:chest":21,"minecraft:spruce_boat":2,"minecraft:stone_hoe":2,"sophisticatedbackpacks:iron_backpack":1,"minecraft:wheat":9,"minecraft:crafting_table":2,"minecraft:spruce_planks":592,"minecraft:iron_helmet":1,"minecraft:copper_ingot":17,"sophisticatedbackpacks:gold_backpack":1,"minecraft:pumpkin_seeds":164,"minecraft:stone_axe":13,"minecraft:bread":149,"minecraft:air":0,"tombstone:decorative_grave_normal":1,"minecraft:iron_chestplate":1,"minecraft:stick":140,"minecraft:iron_ingot":10,"minecraft:iron_pickaxe":3,"tombstone:dark_marble":4,"minecraft:iron_shovel":15,"minecraft:spruce_fence_gate":4,"minecraft:shears":1},"minecraft:broken":{"minecraft:iron_shovel":14,"minecraft:stone_hoe":2,"minecraft:iron_axe":1,"minecraft:stone_axe":13,"minecraft:iron_pickaxe":2,"minecraft:iron_hoe":2},"minecraft:used":{"minecraft:iron_shovel":3795,"minecraft:chest":26,"minecraft:spruce_planks":36,"minecraft:stone_hoe":423,"minecraft:rotten_flesh":1,"minecraft:dirt":750,"minecraft:white_carpet":3,"minecraft:chainmail_chestplate":1,"minecraft:carrot":309,"minecraft:spruce_fence":120,"minecraft:spruce_boat":4,"minecraft:iron_hoe":583,"minecraft:iron_axe":220,"minecraft:bamboo":8,"tombstone:decorative_grave_normal":2,"minecraft:hay_block":13,"minecraft:mangrove_roots":1,"minecraft:sweet_berries":5,"tombstone:gift":6,"minecraft:egg":3,"minecraft:potato":131,"minecraft:iron_leggings":1,"minecraft:wheat_seeds":254,"minecraft:water_bucket":49,"minecraft:stone_pickaxe":13,"minecraft:polished_andesite":1,"minecraft:wooden_pickaxe":6,"minecraft:spruce_fence_gate":4,"minecraft:salmon":14,"minecraft:crafting_table":6,"minecraft:shears":18,"minecraft:spruce_log":115,"minecraft:pumpkin_seeds":73,"minecraft:bread":64,"minecraft:iron_pickaxe":555,"minecraft:spruce_sapling":137,"minecraft:gravel":1,"minecraft:stone_axe":89,"minecraft:cobblestone":59,"minecraft:bucket":49,"minecraft:yellow_bed":1,"alexsmobs:animal_dictionary":24,"minecraft:coarse_dirt":1},"minecraft:dropped":{"minecraft:iron_ingot":13,"minecraft:bread":76,"minecraft:wheat_seeds":304,"minecraft:cobblestone":23,"minecraft:leather":4,"minecraft:coal":31,"minecraft:stick":2,"minecraft:dirt":724,"minecraft:sunflower":2,"minecraft:white_wool":11,"minecraft:stone_axe":1,"minecraft:mangrove_roots":3,"minecraft:wheat":109,"minecraft:chicken":1,"minecraft:iron_hoe":2,"minecraft:carrot":86,"minecraft:pumpkin_seeds":124,"minecraft:chainmail_chestplate":1,"minecraft:hay_block":64,"minecraft:shield":1,"minecraft:spruce_planks":64,"minecraft:chest":1,"minecraft:spruce_log":334,"minecraft:wooden_pickaxe":2,"minecraft:stone_pickaxe":1,"minecraft:egg":2},"minecraft:picked_up":{"minecraft:crafting_table":4,"minecraft:cocoa_beans":3,"minecraft:coarse_dirt":2,"minecraft:wheat":701,"minecraft:chicken":2,"minecraft:brown_mushroom":10,"minecraft:wooden_pickaxe":2,"minecraft:stone_brick_wall":1,"minecraft:enchanted_book":2,"minecraft:stone_brick_stairs":2,"minecraft:shield":1,"minecraft:string":9,"minecraft:raw_copper":17,"minecraft:candle":8,"minecraft:spruce_planks":30,"minecraft:beef":3,"minecraft:poppy":1,"minecraft:light_gray_wool":7,"minecraft:spruce_slab":27,"alexsmobs:raccoon_tail":1,"minecraft:lectern":1,"minecraft:sugar_cane":3,"minecraft:chest":8,"minecraft:spruce_trapdoor":17,"minecraft:furnace":4,"minecraft:egg":14,"minecraft:stick":125,"minecraft:spruce_stairs":16,"minecraft:spruce_fence":12,"sophisticatedbackpacks:backpack":1,"tombstone:grave_dust":5,"minecraft:carrot":1055,"minecraft:arrow":1,"minecraft:rotten_flesh":19,"minecraft:hay_block":68,"minecraft:mangrove_roots":23,"minecraft:cobblestone":567,"minecraft:white_wool":24,"minecraft:feather":2,"minecraft:cooked_beef":3,"minecraft:water_bucket":1,"minecraft:salmon":15,"minecraft:leather":4,"minecraft:smoker":4,"minecraft:potato":116,"minecraft:flint":16,"minecraft:chainmail_chestplate":1,"minecraft:yellow_bed":2,"minecraft:dirt":4591,"minecraft:name_tag":1,"minecraft:bone":1,"minecraft:apple":1,"minecraft:stone_bricks":5,"minecraft:stonecutter":1,"minecraft:wheat_seeds":2583,"minecraft:iron_ingot":38,"minecraft:fletching_table":1,"minecraft:bamboo":8,"minecraft:pumpkin":54,"minecraft:sweet_berries":37,"minecraft:red_wool":9,"betterarcheology:artifact_shards":1,"minecraft:poisonous_potato":2,"minecraft:gravel":138,"minecraft:stripped_spruce_log":16,"minecraft:spruce_sapling":195,"minecraft:blast_furnace":6,"minecraft:ink_sac":3,"minecraft:spruce_log":3245,"minecraft:spruce_door":1,"minecraft:spider_eye":1,"minecraft:bundle":2,"minecraft:iron_hoe":1,"minecraft:polished_andesite":5,"minecraft:pumpkin_seeds":107,"minecraft:spruce_boat":3,"minecraft:stone_axe":1,"tombstone:decorative_grave_normal":1,"minecraft:bone_meal":1,"minecraft:gray_wool":2,"minecraft:bread":53,"minecraft:oak_sapling":8,"minecraft:black_wool":2,"minecraft:coal":24,"minecraft:sunflower":2},"minecraft:killed_by":{"minecraft:creeper":2,"minecraft:skeleton":2},"minecraft:custom":{"minecraft:interact_with_anvil":3,"minecraft:mob_kills":28,"minecraft:animals_bred":141,"minecraft:interact_with_crafting_table":68,"minecraft:open_barrel":2,"minecraft:bell_ring":1,"minecraft:leave_game":9,"minecraft:time_since_death":61869,"minecraft:sprint_one_cm":1185295,"minecraft:walk_one_cm":2332671,"minecraft:drop":200,"minecraft:talked_to_villager":1,"minecraft:play_time":417558,"minecraft:sneak_time":15509,"minecraft:deaths":4,"minecraft:walk_under_water_one_cm":29148,"minecraft:boat_one_cm":300419,"minecraft:jump":5338,"minecraft:interact_with_blast_furnace":15,"minecraft:walk_on_water_one_cm":34949,"minecraft:total_world_time":417558,"minecraft:interact_with_furnace":13,"minecraft:sleep_in_bed":12,"minecraft:time_since_rest":689,"minecraft:damage_taken":2768,"minecraft:damage_dealt":2300,"minecraft:swim_one_cm":49434,"minecraft:fly_one_cm":1335542,"minecraft:open_chest":289,"minecraft:crouch_one_cm":79513,"tombstone:undead_killed":7,"minecraft:interact_with_smoker":9,"minecraft:fall_one_cm":78036}},"DataVersion":3465}