{"stats":{"minecraft:mined":{"minecraft:spruce_planks":1,"minecraft:iron_ore":2,"minecraft:sweet_berry_bush":51,"minecraft:spruce_door":1,"minecraft:grass":81,"minecraft:stone_brick_wall":2,"minecraft:grass_block":7,"minecraft:oak_log":17,"minecraft:coal_ore":18,"minecraft:cobblestone":4,"minecraft:copper_ore":14,"minecraft:stone_bricks":5,"minecraft:stone":27,"minecraft:white_wool":3},"minecraft:crafted":{"minecraft:oak_planks":68,"minecraft:crafting_table":1,"minecraft:spruce_planks":256,"minecraft:stick":8,"minecraft:spruce_door":3,"minecraft:white_bed":1,"minecraft:torch":8,"minecraft:bread":36},"minecraft:used":{"minecraft:wheat_seeds":4,"minecraft:stone_pickaxe":79,"minecraft:bread":9,"minecraft:spruce_planks":4,"minecraft:cobblestone":18,"minecraft:sweet_berries":18,"minecraft:crafting_table":1,"minecraft:white_bed":1,"alexsmobs:animal_dictionary":1},"minecraft:dropped":{"minecraft:sweet_berries":49,"minecraft:wheat_seeds":6,"minecraft:cobblestone":1,"minecraft:spruce_door":4},"minecraft:picked_up":{"minecraft:raw_iron":2,"minecraft:wheat":109,"minecraft:sweet_berries":123,"minecraft:stone_brick_wall":2,"minecraft:oak_log":17,"minecraft:spruce_log":64,"minecraft:spruce_door":1,"minecraft:dirt":8,"minecraft:raw_copper":53,"minecraft:stone_bricks":5,"minecraft:wheat_seeds":10,"minecraft:spruce_planks":1,"minecraft:iron_ingot":13,"minecraft:stone_pickaxe":1,"minecraft:cod":1,"minecraft:coal":18,"minecraft:white_wool":3,"minecraft:cobblestone":32,"minecraft:egg":1},"minecraft:custom":{"minecraft:time_since_rest":517,"minecraft:sprint_one_cm":117944,"minecraft:damage_taken":360,"minecraft:walk_one_cm":166296,"minecraft:drop":54,"minecraft:damage_dealt":6,"minecraft:talked_to_villager":2,"minecraft:swim_one_cm":7319,"minecraft:interact_with_crafting_table":4,"minecraft:fly_one_cm":196483,"minecraft:open_chest":2,"minecraft:crouch_one_cm":306,"minecraft:play_time":80590,"minecraft:deaths":1,"minecraft:sneak_time":192,"minecraft:walk_under_water_one_cm":2197,"minecraft:jump":879,"minecraft:walk_on_water_one_cm":8882,"minecraft:time_since_death":1412,"minecraft:total_world_time":80590,"minecraft:fall_one_cm":19441}},"DataVersion":3465}