{"stats":{"minecraft:mined":{"minecraft:grass":72,"minecraft:coal_ore":2,"minecraft:oak_log":17,"minecraft:iron_ore":2,"minecraft:copper_ore":10,"minecraft:sweet_berry_bush":51,"minecraft:stone":16},"minecraft:used":{"minecraft:sweet_berries":18,"minecraft:bread":3,"minecraft:stone_pickaxe":30,"alexsmobs:animal_dictionary":1},"minecraft:crafted":{"minecraft:oak_planks":68,"minecraft:torch":8,"minecraft:stick":8,"minecraft:bread":36},"minecraft:dropped":{"minecraft:sweet_berries":49,"minecraft:wheat_seeds":2},"minecraft:picked_up":{"minecraft:raw_copper":39,"minecraft:raw_iron":2,"minecraft:wheat":109,"minecraft:sweet_berries":123,"minecraft:wheat_seeds":5,"minecraft:iron_ingot":13,"minecraft:stone_pickaxe":1,"minecraft:oak_log":17,"minecraft:spruce_log":64,"minecraft:coal":2,"minecraft:cobblestone":16},"minecraft:custom":{"minecraft:open_chest":1,"minecraft:time_since_rest":56590,"minecraft:crouch_one_cm":244,"minecraft:play_time":56590,"minecraft:sprint_one_cm":46721,"minecraft:damage_taken":250,"minecraft:walk_one_cm":79356,"minecraft:sneak_time":103,"minecraft:walk_under_water_one_cm":309,"minecraft:drop":51,"minecraft:jump":424,"minecraft:damage_dealt":6,"minecraft:time_since_death":56590,"minecraft:walk_on_water_one_cm":4048,"minecraft:total_world_time":56590,"minecraft:swim_one_cm":5655,"minecraft:interact_with_crafting_table":2,"minecraft:fall_one_cm":10249,"minecraft:fly_one_cm":91682}},"DataVersion":3465}