{"stats":{"minecraft:used":{"minecraft:sweet_berries":10,"alexsmobs:animal_dictionary":1},"minecraft:picked_up":{"minecraft:wheat":109,"minecraft:sweet_berries":43,"minecraft:wheat_seeds":2,"minecraft:iron_ingot":13,"minecraft:stone_pickaxe":1,"minecraft:oak_log":17,"minecraft:spruce_log":64},"minecraft:mined":{"minecraft:grass":38,"minecraft:oak_log":17,"minecraft:sweet_berry_bush":16},"minecraft:custom":{"minecraft:time_since_rest":23607,"minecraft:crouch_one_cm":244,"minecraft:play_time":23607,"minecraft:sprint_one_cm":25969,"minecraft:damage_taken":130,"minecraft:walk_one_cm":32533,"minecraft:sneak_time":103,"minecraft:walk_under_water_one_cm":209,"minecraft:drop":2,"minecraft:jump":233,"minecraft:damage_dealt":6,"minecraft:time_since_death":23607,"minecraft:walk_on_water_one_cm":1742,"minecraft:total_world_time":23607,"minecraft:swim_one_cm":5008,"minecraft:interact_with_crafting_table":2,"minecraft:fall_one_cm":6390,"minecraft:fly_one_cm":45763},"minecraft:dropped":{"minecraft:wheat_seeds":2},"minecraft:crafted":{"minecraft:bread":36}},"DataVersion":3465}