{"stats":{"minecraft:mined":{"minecraft:iron_ore":2,"minecraft:sweet_berry_bush":51,"minecraft:grass":79,"minecraft:grass_block":6,"minecraft:oak_log":17,"minecraft:coal_ore":18,"minecraft:cobblestone":4,"minecraft:copper_ore":14,"minecraft:stone":27,"minecraft:white_wool":3},"minecraft:used":{"minecraft:stone_pickaxe":71,"minecraft:bread":6,"minecraft:cobblestone":18,"minecraft:sweet_berries":18,"alexsmobs:animal_dictionary":1},"minecraft:crafted":{"minecraft:oak_planks":68,"minecraft:stick":8,"minecraft:torch":8,"minecraft:bread":36},"minecraft:dropped":{"minecraft:sweet_berries":49,"minecraft:wheat_seeds":2,"minecraft:cobblestone":1},"minecraft:picked_up":{"minecraft:raw_iron":2,"minecraft:wheat":109,"minecraft:sweet_berries":123,"minecraft:oak_log":17,"minecraft:spruce_log":64,"minecraft:dirt":5,"minecraft:raw_copper":53,"minecraft:wheat_seeds":6,"minecraft:iron_ingot":13,"minecraft:stone_pickaxe":1,"minecraft:cod":1,"minecraft:coal":18,"minecraft:white_wool":3,"minecraft:cobblestone":32,"minecraft:egg":1},"minecraft:custom":{"minecraft:time_since_rest":68590,"minecraft:sprint_one_cm":66211,"minecraft:damage_taken":340,"minecraft:walk_one_cm":119190,"minecraft:drop":52,"minecraft:damage_dealt":6,"minecraft:swim_one_cm":6342,"minecraft:interact_with_crafting_table":2,"minecraft:fly_one_cm":135635,"minecraft:open_chest":1,"minecraft:crouch_one_cm":306,"minecraft:play_time":68590,"minecraft:sneak_time":192,"minecraft:walk_under_water_one_cm":1309,"minecraft:jump":656,"minecraft:walk_on_water_one_cm":6679,"minecraft:time_since_death":68590,"minecraft:total_world_time":68590,"minecraft:fall_one_cm":15919}},"DataVersion":3465}