{"stats":{"minecraft:broken":{"minecraft:stone_pickaxe":1,"minecraft:stone_hoe":1,"minecraft:shield":1,"minecraft:iron_pickaxe":3},"minecraft:used":{"minecraft:ladder":2,"minecraft:chest":6,"minecraft:shield":63,"minecraft:iron_sword":233,"minecraft:rotten_flesh":8,"minecraft:tuff":5,"minecraft:spruce_boat":10,"minecraft:stone_brick_stairs":1,"minecraft:item_frame":1,"minecraft:bow":5,"minecraft:furnace":15,"minecraft:diorite":1,"minecraft:spruce_door":1,"minecraft:stone_pickaxe":168,"minecraft:wooden_pickaxe":3,"minecraft:golden_apple":1,"minecraft:blast_furnace":27,"minecraft:bread":14,"minecraft:string":1,"minecraft:lectern":185,"minecraft:gravel":19,"minecraft:cooked_rabbit":3,"minecraft:bone_meal":9,"betterarcheology:iron_brush":6,"minecraft:spruce_planks":3,"minecraft:cooked_salmon":3,"minecraft:stone_hoe":142,"minecraft:dirt":104,"minecraft:anvil":1,"minecraft:spruce_stairs":3,"minecraft:spruce_fence":3,"minecraft:iron_hoe":90,"minecraft:iron_axe":338,"minecraft:melon_seeds":3,"tombstone:gift":5,"minecraft:cooked_beef":8,"minecraft:cobbled_deepslate":34,"minecraft:calcite":13,"minecraft:wheat_seeds":10,"minecraft:cooked_mutton":3,"tombstone:scroll_of_knowledge":3,"minecraft:fletching_table":6,"minecraft:salmon":3,"minecraft:mossy_cobblestone":1,"minecraft:crafting_table":18,"minecraft:cod":1,"minecraft:smoker":13,"minecraft:sunflower":1,"minecraft:iron_pickaxe":884,"minecraft:spruce_trapdoor":2,"minecraft:stone_axe":10,"minecraft:cobblestone":175,"minecraft:cooked_porkchop":6,"minecraft:bucket":1,"minecraft:yellow_bed":1,"minecraft:candle":8},"minecraft:picked_up":{"minecraft:wheat":34,"minecraft:redstone_block":32,"minecraft:enchanted_book":5,"minecraft:stone_brick_stairs":5,"minecraft:lapis_block":46,"minecraft:string":43,"minecraft:raw_copper":132,"minecraft:cooked_salmon":3,"minecraft:zombie_head":2,"minecraft:cobbled_deepslate":53,"minecraft:spruce_planks":124,"minecraft:calcite":13,"minecraft:coal_block":22,"minecraft:furnace":9,"minecraft:stick":12,"minecraft:composter":1,"minecraft:spruce_stairs":3,"minecraft:porkchop":8,"tombstone:grave_dust":8,"minecraft:diorite":1,"minecraft:rotten_flesh":31,"minecraft:iron_block":2,"minecraft:cod":1,"minecraft:cobblestone":257,"minecraft:feather":2,"minecraft:smoker":7,"minecraft:flint":21,"minecraft:tuff":7,"minecraft:lapis_lazuli":224,"minecraft:dirt":539,"minecraft:bone":22,"minecraft:stonecutter":3,"minecraft:bow":2,"minecraft:wheat_seeds":388,"minecraft:raw_gold":24,"minecraft:rabbit":3,"minecraft:fletching_table":4,"minecraft:stripped_spruce_log":2,"minecraft:ink_sac":3,"minecraft:barrel":14,"alexsmobs:animal_dictionary":2,"minecraft:mossy_cobblestone":5,"minecraft:bundle":1,"minecraft:iron_hoe":1,"minecraft:polished_andesite":4,"minecraft:sugar":2,"minecraft:diamond":3,"minecraft:spruce_boat":12,"minecraft:bone_meal":2,"minecraft:emerald":1,"minecraft:bread":20,"minecraft:crafting_table":17,"minecraft:chicken":1,"minecraft:ladder":5,"minecraft:brown_mushroom":10,"minecraft:wooden_pickaxe":2,"minecraft:stone_brick_wall":2,"minecraft:shield":1,"minecraft:iron_axe":1,"minecraft:item_frame":1,"minecraft:candle":17,"minecraft:beef":18,"minecraft:spruce_slab":4,"minecraft:lectern":182,"minecraft:spruce_trapdoor":6,"minecraft:raw_iron":348,"minecraft:copper_ingot":48,"sophisticatedbackpacks:backpack":1,"minecraft:spruce_fence":88,"minecraft:carrot":1,"minecraft:redstone":300,"minecraft:dark_oak_planks":6,"minecraft:tnt":1,"minecraft:arrow":16,"minecraft:hay_block":308,"minecraft:gold_ingot":8,"minecraft:mutton":3,"minecraft:white_wool":12,"minecraft:glow_ink_sac":2,"minecraft:salmon":4,"minecraft:leather":14,"minecraft:yellow_dye":2,"minecraft:yellow_bed":1,"minecraft:gunpowder":6,"minecraft:wooden_hoe":1,"minecraft:rabbit_hide":1,"minecraft:iron_ingot":75,"minecraft:stone_pickaxe":1,"minecraft:iron_sword":2,"minecraft:book":36,"minecraft:sweet_berries":231,"minecraft:red_wool":18,"minecraft:raw_iron_block":1,"minecraft:gravel":80,"minecraft:prize_pottery_sherd":1,"minecraft:spruce_sapling":2,"minecraft:blast_furnace":19,"minecraft:spruce_log":671,"minecraft:spider_eye":6,"minecraft:spruce_door":1,"minecraft:archer_pottery_sherd":1,"minecraft:stone_axe":2,"minecraft:black_wool":1,"minecraft:coal":249,"minecraft:sunflower":1},"minecraft:mined":{"minecraft:dark_oak_planks":6,"minecraft:spruce_planks":6,"minecraft:spruce_trapdoor":6,"minecraft:grass_block":6,"minecraft:composter":1,"minecraft:spawner":1,"minecraft:raw_iron_block":1,"minecraft:cobbled_deepslate":6,"minecraft:iron_ore":229,"minecraft:barrel":4,"minecraft:fletching_table":4,"minecraft:deepslate_lapis_ore":10,"minecraft:spruce_slab":4,"minecraft:tripwire":1,"minecraft:deepslate_redstone_ore":29,"minecraft:smoker":7,"minecraft:powder_snow":57,"minecraft:blast_furnace":20,"minecraft:calcite":1,"minecraft:cobblestone":43,"minecraft:seagrass":1,"minecraft:stone_brick_stairs":1,"minecraft:grass":78,"minecraft:dirt":2,"minecraft:stonecutter":1,"minecraft:deepslate":34,"minecraft:diamond_ore":1,"minecraft:tuff":3,"minecraft:mossy_cobblestone":5,"minecraft:candle":4,"minecraft:ladder":5,"minecraft:spruce_leaves":21,"minecraft:large_fern":1,"minecraft:hay_block":217,"minecraft:redstone_ore":36,"minecraft:furnace":9,"minecraft:stripped_spruce_log":2,"minecraft:bookshelf":12,"minecraft:deepslate_iron_ore":118,"minecraft:packed_ice":6,"minecraft:stone":198,"minecraft:podzol":1,"minecraft:spruce_door":1,"minecraft:crafting_table":17,"minecraft:emerald_ore":1,"minecraft:lectern":182,"minecraft:tall_grass":6,"minecraft:copper_ore":40,"minecraft:lapis_ore":24,"minecraft:deepslate_gold_ore":9,"minecraft:diorite":1,"minecraft:spruce_stairs":3,"minecraft:sweet_berry_bush":70,"minecraft:ice":1,"minecraft:spruce_log":38,"minecraft:yellow_bed":1,"minecraft:coal_ore":202,"minecraft:zombie_head":2,"minecraft:gravel":21,"minecraft:cobweb":15,"minecraft:gold_ore":15},"minecraft:killed":{"minecraft:cave_spider":1,"minecraft:witch":1,"minecraft:spider":7,"minecraft:skeleton":16,"minecraft:pig":3,"alexsmobs:grizzly_bear":1,"minecraft:zombie_villager":1,"minecraft:creeper":8,"minecraft:sheep":2,"minecraft:zombie":25,"minecraft:cow":9,"alexsmobs:raccoon":4,"minecraft:drowned":2,"minecraft:rabbit":3,"alexsmobs:cockroach":1,"alexsmobs:crow":1,"minecraft:enderman":2},"minecraft:custom":{"minecraft:animals_bred":7,"minecraft:interact_with_crafting_table":48,"minecraft:open_barrel":2,"minecraft:leave_game":5,"minecraft:time_since_death":81867,"minecraft:sprint_one_cm":513999,"minecraft:damage_blocked_by_shield":3710,"minecraft:drop":78,"minecraft:talked_to_villager":201,"minecraft:play_time":265169,"minecraft:deaths":2,"minecraft:jump":4260,"minecraft:walk_on_water_one_cm":34443,"minecraft:interact_with_furnace":50,"minecraft:traded_with_villager":84,"minecraft:sleep_in_bed":4,"minecraft:damage_dealt":16655,"minecraft:crouch_one_cm":36781,"tombstone:undead_killed":44,"minecraft:interact_with_smoker":22,"minecraft:mob_kills":101,"minecraft:interact_with_anvil":2,"minecraft:climb_one_cm":192,"minecraft:walk_one_cm":466526,"minecraft:sneak_time":17751,"minecraft:walk_under_water_one_cm":10528,"minecraft:boat_one_cm":98386,"minecraft:interact_with_blast_furnace":81,"minecraft:total_world_time":265169,"tombstone:raider_killed":1,"minecraft:time_since_rest":10031,"minecraft:damage_taken":2247,"minecraft:swim_one_cm":36817,"minecraft:fly_one_cm":850673,"minecraft:open_chest":142,"minecraft:fall_one_cm":97010},"minecraft:killed_by":{"minecraft:enderman":1,"alexsmobs:centipede_head":1},"minecraft:dropped":{"minecraft:iron_sword":1,"minecraft:glow_ink_sac":2,"minecraft:diamond":1,"minecraft:cooked_porkchop":2,"minecraft:leather":2,"minecraft:fletching_table":1,"minecraft:red_wool":9,"minecraft:archer_pottery_sherd":1,"minecraft:flint":9,"minecraft:dirt":120,"minecraft:yellow_dye":1,"minecraft:bone_meal":1,"minecraft:sugar":2,"minecraft:white_wool":1,"minecraft:bone":2,"minecraft:prize_pottery_sherd":1,"minecraft:stone_axe":3,"alexsmobs:animal_dictionary":2,"minecraft:wheat":1,"minecraft:rotten_flesh":13,"minecraft:rabbit_hide":1,"minecraft:stone_brick_wall":1,"minecraft:ladder":3,"minecraft:stone_brick_stairs":2,"minecraft:lectern":1,"minecraft:water_bucket":1,"minecraft:enchanted_book":2,"minecraft:iron_ingot":27,"minecraft:wheat_seeds":156,"minecraft:tnt":1,"minecraft:coal_block":11,"betterarcheology:iron_brush":1,"minecraft:stonecutter":2,"minecraft:string":8,"minecraft:lapis_block":23,"minecraft:sweet_berries":50,"minecraft:raw_copper":4,"minecraft:tuff":2,"sophisticatedbackpacks:backpack":2,"minecraft:spruce_fence":44,"minecraft:hay_block":1,"minecraft:spruce_boat":1,"minecraft:shield":2,"minecraft:spruce_planks":18,"minecraft:barrel":4,"minecraft:spruce_log":128,"minecraft:stone_pickaxe":2,"minecraft:wooden_pickaxe":2,"minecraft:black_wool":1},"minecraft:crafted":{"minecraft:smooth_stone":6,"minecraft:stone":6,"sophisticatedbackpacks:crafting_upgrade":1,"minecraft:bookshelf":4,"minecraft:cooked_mutton":3,"minecraft:bow":1,"minecraft:iron_boots":1,"minecraft:chest":7,"minecraft:copper_block":8,"minecraft:stone_hoe":1,"minecraft:cooked_rabbit":3,"minecraft:smoker":2,"sophisticatedbackpacks:backpack":1,"minecraft:emerald":80,"minecraft:cooked_porkchop":8,"minecraft:crafting_table":5,"minecraft:spruce_planks":1424,"minecraft:wooden_pickaxe":1,"minecraft:iron_helmet":1,"minecraft:copper_ingot":128,"minecraft:fletching_table":1,"minecraft:gold_block":1,"sophisticatedbackpacks:upgrade_base":3,"minecraft:lectern":4,"minecraft:iron_chestplate":1,"minecraft:diamond_pickaxe":1,"minecraft:shield":4,"minecraft:stick":2624,"minecraft:iron_pickaxe":4,"minecraft:iron_ingot":59,"minecraft:iron_block":31,"minecraft:gold_ingot":24,"minecraft:coal":27,"sophisticatedbackpacks:stack_upgrade_tier_1":1,"minecraft:furnace":6,"minecraft:blast_furnace":2,"sophisticatedbackpacks:stack_upgrade_starter_tier":1,"minecraft:bone_meal":9,"betterarcheology:iron_brush":1,"minecraft:iron_axe":2,"minecraft:iron_hoe":1,"minecraft:spruce_slab":12,"minecraft:stone_pickaxe":2,"minecraft:spruce_boat":1,"minecraft:wheat":225,"sophisticatedbackpacks:iron_backpack":1,"minecraft:cooked_beef":16,"minecraft:iron_sword":1,"sophisticatedbackpacks:gold_backpack":1,"minecraft:bucket":1,"minecraft:stone_axe":1,"minecraft:enchanted_book":4,"minecraft:bread":70,"minecraft:air":0,"minecraft:blue_dye":1,"minecraft:iron_leggings":1,"minecraft:anvil":1}},"DataVersion":3465}