{"stats":{"minecraft:mined":{"minecraft:dark_oak_planks":7,"minecraft:spruce_planks":7,"minecraft:obsidian":11,"minecraft:spruce_trapdoor":9,"minecraft:granite":1,"minecraft:grass_block":22,"minecraft:jungle_log":15,"minecraft:composter":13,"minecraft:spawner":2,"minecraft:raw_iron_block":1,"minecraft:magma_block":1,"minecraft:iron_ore":430,"minecraft:barrel":4,"minecraft:cobbled_deepslate":15,"minecraft:deepslate_lapis_ore":52,"minecraft:fletching_table":27,"minecraft:spruce_slab":4,"minecraft:tripwire":1,"minecraft:deepslate_redstone_ore":123,"minecraft:amethyst_cluster":5,"minecraft:medium_amethyst_bud":4,"minecraft:smoker":7,"minecraft:powder_snow":57,"minecraft:blast_furnace":26,"minecraft:calcite":1,"minecraft:chest":1,"minecraft:cobblestone":81,"minecraft:damaged_anvil":1,"minecraft:sugar_cane":22,"minecraft:seagrass":1,"tombstone:decorative_grave_normal":2,"minecraft:copper_block":61,"minecraft:stone_brick_stairs":1,"minecraft:grass":85,"minecraft:dirt":155,"minecraft:raw_copper_block":5,"minecraft:stonecutter":4,"minecraft:netherrack":2,"minecraft:deepslate":128,"minecraft:diamond_ore":1,"minecraft:crying_obsidian":4,"minecraft:tuff":3,"minecraft:mossy_cobblestone":5,"minecraft:deepslate_diamond_ore":10,"minecraft:candle":4,"minecraft:ladder":5,"minecraft:spruce_leaves":38,"minecraft:large_fern":1,"minecraft:hay_block":217,"minecraft:redstone_ore":53,"minecraft:furnace":10,"minecraft:carrots":80,"minecraft:andesite":18,"minecraft:stripped_spruce_log":2,"minecraft:gold_block":2,"minecraft:bell":1,"minecraft:bookshelf":20,"minecraft:deepslate_iron_ore":321,"minecraft:lantern":1,"minecraft:packed_ice":6,"minecraft:bamboo":138,"minecraft:stone":340,"minecraft:white_wool":1,"minecraft:smithing_table":2,"minecraft:podzol":19,"minecraft:spruce_door":3,"minecraft:crafting_table":18,"minecraft:emerald_ore":5,"minecraft:lectern":272,"minecraft:copper_ore":149,"minecraft:tall_grass":7,"minecraft:deepslate_coal_ore":1,"minecraft:deepslate_gold_ore":76,"minecraft:lapis_ore":34,"minecraft:diorite":1,"minecraft:spruce_stairs":3,"minecraft:sweet_berry_bush":70,"minecraft:ice":9,"minecraft:spruce_log":77,"minecraft:yellow_bed":3,"minecraft:coal_ore":684,"minecraft:zombie_head":2,"minecraft:gravel":21,"minecraft:cobweb":16,"minecraft:gold_ore":40,"minecraft:infested_stone":3},"minecraft:killed":{"minecraft:cave_spider":3,"minecraft:witch":3,"minecraft:spider":17,"minecraft:skeleton":44,"minecraft:silverfish":1,"alexsmobs:centipede_head":1,"minecraft:pig":3,"alexsmobs:grizzly_bear":1,"minecraft:zombie_villager":2,"minecraft:creeper":21,"minecraft:sheep":2,"minecraft:trader_llama":2,"minecraft:zombie":72,"minecraft:cow":25,"alexsmobs:raccoon":4,"minecraft:slime":10,"minecraft:drowned":2,"minecraft:rabbit":3,"minecraft:bat":1,"alexsmobs:cockroach":1,"alexsmobs:gazelle":3,"alexsmobs:crow":1,"minecraft:enderman":6},"minecraft:broken":{"minecraft:iron_shovel":1,"minecraft:stone_pickaxe":1,"minecraft:iron_sword":1,"minecraft:stone_hoe":1,"minecraft:shield":2,"minecraft:iron_axe":1,"minecraft:iron_pickaxe":3},"minecraft:used":{"minecraft:iron_shovel":114,"minecraft:ladder":2,"minecraft:chest":12,"minecraft:shield":160,"minecraft:iron_sword":381,"minecraft:bell":1,"minecraft:rotten_flesh":8,"minecraft:carrot":1,"minecraft:tuff":5,"minecraft:spruce_boat":16,"minecraft:stone_brick_stairs":1,"minecraft:item_frame":1,"tombstone:decorative_grave_normal":2,"minecraft:magma_block":1,"minecraft:bow":10,"minecraft:furnace":16,"minecraft:egg":17,"minecraft:potato":55,"minecraft:diorite":1,"minecraft:damaged_anvil":1,"minecraft:stone_pickaxe":168,"minecraft:spruce_door":2,"minecraft:wooden_pickaxe":3,"minecraft:composter":12,"minecraft:sugar_cane":2,"minecraft:diamond_axe":117,"minecraft:golden_apple":1,"minecraft:loom":1,"minecraft:blast_furnace":33,"minecraft:zombie_head":2,"minecraft:bread":78,"minecraft:string":1,"minecraft:lectern":277,"minecraft:gravel":19,"minecraft:diamond_sword":283,"minecraft:grindstone":1,"minecraft:smithing_table":3,"minecraft:cooked_rabbit":3,"minecraft:andesite":18,"minecraft:bone_meal":47,"betterarcheology:iron_brush":6,"minecraft:spruce_planks":3,"minecraft:cooked_salmon":3,"minecraft:stone_hoe":142,"minecraft:netherrack":2,"minecraft:torch":1,"minecraft:dirt":229,"minecraft:anvil":1,"minecraft:spruce_stairs":3,"minecraft:granite":1,"minecraft:spruce_fence":3,"minecraft:iron_hoe":90,"minecraft:dark_oak_planks":1,"tombstone:ankh_of_pray":2,"minecraft:bookshelf":26,"minecraft:iron_axe":482,"minecraft:melon_seeds":3,"minecraft:bamboo":4,"minecraft:raw_copper_block":5,"tombstone:gift":10,"minecraft:cooked_beef":32,"minecraft:cobbled_deepslate":51,"minecraft:calcite":13,"minecraft:wheat_seeds":10,"minecraft:cooked_mutton":3,"minecraft:water_bucket":20,"tombstone:scroll_of_knowledge":3,"minecraft:copper_block":61,"minecraft:fletching_table":31,"minecraft:stonecutter":4,"minecraft:salmon":3,"minecraft:mossy_cobblestone":1,"minecraft:crafting_table":19,"minecraft:cod":1,"minecraft:spruce_log":3,"minecraft:smoker":13,"tombstone:bag_of_seeds":2,"minecraft:diamond_pickaxe":1684,"tombstone:magic_scroll":1,"minecraft:sunflower":3,"minecraft:iron_pickaxe":893,"minecraft:spruce_trapdoor":22,"minecraft:stone_axe":10,"enchantinginfuser:enchanting_infuser":1,"minecraft:cobblestone":425,"minecraft:cooked_porkchop":6,"minecraft:bucket":22,"minecraft:yellow_bed":3,"minecraft:candle":8},"minecraft:crafted":{"minecraft:grindstone":1,"minecraft:smooth_stone":6,"minecraft:chainmail_helmet":15,"minecraft:cooked_chicken":1,"alexsmobs:sombrero":1,"minecraft:loom":1,"minecraft:stone":13,"sophisticatedbackpacks:crafting_upgrade":1,"minecraft:diamond_shovel":1,"minecraft:bookshelf":30,"minecraft:suspicious_stew":7,"minecraft:cooked_mutton":3,"minecraft:bow":2,"minecraft:diamond_helmet":1,"minecraft:diamond_leggings":2,"minecraft:iron_boots":2,"sophisticatedbackpacks:copper_backpack":1,"minecraft:chest":11,"minecraft:copper_block":94,"minecraft:stone_hoe":20,"minecraft:cooked_rabbit":3,"minecraft:raw_iron_block":2,"minecraft:smoker":2,"minecraft:white_banner":1,"sophisticatedbackpacks:backpack":1,"minecraft:arrow":16,"minecraft:emerald":1321,"minecraft:cooked_porkchop":8,"enchantinginfuser:enchanting_infuser":1,"minecraft:diamond_axe":2,"minecraft:crafting_table":5,"minecraft:spruce_planks":14552,"minecraft:wooden_pickaxe":1,"minecraft:iron_helmet":2,"minecraft:smithing_table":1,"minecraft:copper_ingot":128,"minecraft:fletching_table":3,"minecraft:gold_block":22,"sophisticatedbackpacks:upgrade_base":3,"tombstone:decorative_grave_normal":1,"minecraft:apple":4,"minecraft:emerald_block":2,"minecraft:lectern":4,"minecraft:iron_chestplate":2,"minecraft:book":12,"minecraft:paper":36,"minecraft:diamond_pickaxe":2,"minecraft:yellow_dye":2,"minecraft:shield":9,"minecraft:stick":30148,"minecraft:light_blue_dye":4,"minecraft:iron_pickaxe":4,"minecraft:iron_ingot":446,"minecraft:iron_block":131,"minecraft:gold_ingot":24,"minecraft:shears":1,"minecraft:golden_carrot":9,"minecraft:cookie":36,"minecraft:coal":324,"tombstone:strange_tablet":1,"sophisticatedbackpacks:stack_upgrade_tier_1":1,"minecraft:furnace":7,"minecraft:blast_furnace":2,"sophisticatedbackpacks:stack_upgrade_starter_tier":1,"minecraft:bone_meal":48,"betterarcheology:iron_brush":1,"minecraft:iron_axe":4,"minecraft:iron_hoe":1,"minecraft:spruce_slab":12,"minecraft:stone_pickaxe":14,"minecraft:diamond_boots":2,"minecraft:spruce_boat":1,"sophisticatedbackpacks:iron_backpack":2,"minecraft:wheat":423,"minecraft:cooked_beef":50,"minecraft:diamond_sword":1,"minecraft:enchanting_table":1,"minecraft:iron_sword":3,"minecraft:cooked_salmon":1,"tombstone:ankh_of_pray":1,"sophisticatedbackpacks:gold_backpack":2,"minecraft:bucket":1,"minecraft:stone_axe":1,"minecraft:enchanted_book":26,"minecraft:bread":136,"minecraft:air":0,"minecraft:blue_dye":3,"minecraft:gold_nugget":72,"minecraft:white_dye":2,"tombstone:dark_marble":6,"minecraft:iron_shovel":2,"minecraft:iron_leggings":2,"minecraft:anvil":1,"minecraft:diamond_chestplate":2},"minecraft:dropped":{"minecraft:iron_sword":1,"minecraft:brown_mushroom":10,"minecraft:glow_ink_sac":2,"minecraft:diamond":1,"minecraft:cooked_porkchop":2,"minecraft:pitcher_pod":2,"minecraft:cookie":36,"minecraft:leather":7,"minecraft:red_wool":18,"minecraft:fletching_table":1,"minecraft:archer_pottery_sherd":1,"minecraft:leather_helmet":1,"minecraft:emerald":16,"sophisticatedbackpacks:gold_backpack":1,"minecraft:flint":9,"minecraft:dirt":120,"minecraft:yellow_dye":2,"minecraft:mutton":5,"minecraft:bone_meal":1,"tombstone:decorative_grave_normal":1,"minecraft:sugar":2,"minecraft:fishing_rod":1,"minecraft:white_wool":12,"minecraft:bone":2,"minecraft:gravel":119,"alexsmobs:centipede_leg":2,"minecraft:prize_pottery_sherd":1,"minecraft:stone_axe":3,"minecraft:sugar_cane":2,"minecraft:mangrove_roots":1,"alexsmobs:gazelle_horn":9,"minecraft:cobbled_deepslate":19,"alexsmobs:animal_dictionary":3,"minecraft:wheat":1,"minecraft:rotten_flesh":128,"minecraft:glowstone_dust":2,"minecraft:salmon":1,"minecraft:chainmail_chestplate":3,"minecraft:rabbit_hide":1,"minecraft:jungle_log":16,"minecraft:stone_brick_wall":3,"minecraft:leather_boots":1,"minecraft:ladder":3,"minecraft:stone_brick_stairs":4,"minecraft:lectern":3,"minecraft:enchanted_book":8,"minecraft:water_bucket":2,"minecraft:stone_hoe":29,"minecraft:iron_ingot":27,"minecraft:wheat_seeds":158,"minecraft:tnt":1,"minecraft:poisonous_potato":3,"minecraft:diamond_leggings":1,"minecraft:iron_helmet":1,"minecraft:cobblestone":410,"minecraft:book":20,"minecraft:chainmail_helmet":15,"minecraft:coal_block":11,"minecraft:stick":663,"minecraft:polished_andesite":4,"minecraft:gray_wool":2,"betterarcheology:iron_brush":1,"minecraft:ink_sac":3,"minecraft:wooden_hoe":1,"minecraft:zombie_head":2,"tombstone:grave_dust":13,"minecraft:iron_leggings":1,"minecraft:stonecutter":3,"minecraft:iron_shovel":1,"minecraft:string":41,"minecraft:lapis_block":24,"minecraft:spruce_sapling":1,"minecraft:redstone_block":33,"minecraft:sweet_berries":173,"minecraft:raw_copper":9,"minecraft:cocoa_beans":3,"minecraft:tuff":2,"betterarcheology:artifact_shards":1,"minecraft:composter":1,"minecraft:light_gray_wool":7,"minecraft:iron_boots":1,"sophisticatedbackpacks:backpack":2,"minecraft:name_tag":1,"minecraft:torchflower_seeds":2,"minecraft:spruce_fence":44,"minecraft:suspicious_stew":7,"minecraft:potato":1,"minecraft:hay_block":1,"minecraft:spruce_boat":2,"minecraft:shield":3,"minecraft:diamond_chestplate":1,"minecraft:spruce_planks":18,"minecraft:bundle":3,"minecraft:iron_chestplate":1,"minecraft:barrel":10,"minecraft:bamboo":86,"minecraft:diamond_boots":1,"minecraft:spruce_log":2080,"minecraft:stone_pickaxe":26,"minecraft:wooden_pickaxe":3,"tombstone:tablet_of_cupidity":1,"minecraft:black_wool":3},"minecraft:picked_up":{"minecraft:wheat":138,"minecraft:redstone_block":65,"minecraft:smithing_table":2,"minecraft:lead":2,"minecraft:enchanted_book":10,"minecraft:stone_brick_stairs":7,"minecraft:lapis_block":47,"alexsmobs:gazelle_horn":9,"minecraft:string":77,"minecraft:raw_copper":937,"minecraft:cooked_salmon":3,"minecraft:zombie_head":4,"minecraft:cobbled_deepslate":194,"minecraft:spruce_planks":125,"minecraft:calcite":13,"minecraft:coal_block":22,"minecraft:furnace":10,"minecraft:stick":734,"minecraft:composter":14,"minecraft:torch":1,"minecraft:spruce_stairs":3,"minecraft:porkchop":8,"tombstone:grave_dust":20,"minecraft:diorite":1,"tombstone:tablet_of_cupidity":1,"alexsmobs:centipede_leg":4,"minecraft:rotten_flesh":118,"minecraft:iron_block":2,"minecraft:mangrove_roots":2,"minecraft:obsidian":11,"minecraft:cod":1,"minecraft:cobblestone":793,"minecraft:magma_block":1,"minecraft:feather":2,"minecraft:water_bucket":1,"minecraft:andesite":18,"minecraft:jungle_log":16,"minecraft:copper_block":61,"minecraft:smoker":7,"minecraft:potato":561,"minecraft:flint":21,"minecraft:tuff":7,"minecraft:lapis_lazuli":970,"minecraft:dirt":752,"minecraft:leather_boots":1,"minecraft:bone":63,"minecraft:bow":3,"minecraft:stonecutter":7,"minecraft:wheat_seeds":663,"minecraft:raw_gold":224,"minecraft:bell":1,"minecraft:fletching_table":27,"minecraft:rabbit":3,"minecraft:glowstone_dust":2,"minecraft:bamboo":1740,"minecraft:pitcher_pod":4,"minecraft:stone_hoe":10,"betterarcheology:artifact_shards":1,"minecraft:poisonous_potato":3,"minecraft:stripped_spruce_log":2,"minecraft:ink_sac":6,"minecraft:barrel":20,"alexsmobs:animal_dictionary":3,"minecraft:mossy_cobblestone":5,"minecraft:bundle":4,"minecraft:iron_hoe":1,"minecraft:polished_andesite":8,"minecraft:sugar":2,"minecraft:diamond":19,"minecraft:spruce_boat":19,"minecraft:granite":1,"minecraft:bone_meal":2,"minecraft:emerald":23,"minecraft:bread":20,"minecraft:netherrack":2,"minecraft:fishing_rod":1,"minecraft:cocoa_beans":6,"minecraft:crafting_table":18,"minecraft:chicken":1,"minecraft:ladder":5,"minecraft:brown_mushroom":20,"minecraft:wooden_pickaxe":2,"minecraft:stone_brick_wall":3,"minecraft:gold_block":2,"minecraft:shield":2,"minecraft:iron_axe":1,"minecraft:item_frame":1,"minecraft:iron_shovel":1,"minecraft:candle":17,"minecraft:beef":50,"minecraft:light_gray_wool":7,"minecraft:spruce_slab":4,"minecraft:lectern":274,"minecraft:sugar_cane":42,"minecraft:chest":1,"minecraft:spruce_trapdoor":10,"minecraft:raw_copper_block":4,"minecraft:egg":8,"minecraft:raw_iron":1257,"minecraft:copper_ingot":48,"minecraft:spruce_fence":90,"sophisticatedbackpacks:backpack":2,"minecraft:carrot":687,"minecraft:redstone":968,"minecraft:dark_oak_planks":7,"minecraft:tnt":1,"minecraft:arrow":54,"minecraft:hay_block":308,"minecraft:gold_ingot":8,"sophisticatedbackpacks:copper_backpack":1,"minecraft:mutton":8,"minecraft:white_wool":30,"minecraft:glow_ink_sac":6,"minecraft:salmon":5,"minecraft:leather":38,"minecraft:yellow_dye":2,"minecraft:chainmail_chestplate":1,"minecraft:yellow_bed":3,"minecraft:gunpowder":29,"minecraft:wooden_hoe":1,"minecraft:rabbit_hide":1,"minecraft:iron_ingot":76,"minecraft:stone_pickaxe":13,"tombstone:bag_of_seeds":1,"minecraft:glass_bottle":5,"minecraft:iron_sword":2,"minecraft:book":81,"minecraft:sweet_berries":354,"minecraft:red_wool":27,"minecraft:raw_iron_block":1,"minecraft:torchflower_seeds":4,"minecraft:gravel":199,"minecraft:amethyst_shard":36,"minecraft:prize_pottery_sherd":1,"minecraft:spruce_sapling":30,"minecraft:blast_furnace":25,"minecraft:spruce_log":3663,"minecraft:crying_obsidian":4,"minecraft:spruce_door":3,"minecraft:spider_eye":20,"minecraft:leather_helmet":1,"minecraft:archer_pottery_sherd":1,"minecraft:slime_ball":28,"minecraft:stone_axe":2,"tombstone:decorative_grave_normal":2,"minecraft:gray_wool":4,"tombstone:magic_scroll":2,"minecraft:damaged_anvil":1,"minecraft:black_wool":3,"minecraft:coal":1338,"minecraft:sunflower":4,"minecraft:ender_pearl":1},"minecraft:killed_by":{"minecraft:enderman":1,"alexsmobs:centipede_head":1},"minecraft:custom":{"minecraft:animals_bred":30,"minecraft:interact_with_crafting_table":98,"minecraft:open_barrel":2,"minecraft:bell_ring":1,"minecraft:leave_game":14,"minecraft:time_since_death":143877,"minecraft:sprint_one_cm":1262453,"minecraft:damage_blocked_by_shield":9275,"minecraft:drop":305,"minecraft:talked_to_villager":711,"minecraft:play_time":582555,"minecraft:deaths":3,"minecraft:jump":9820,"minecraft:walk_on_water_one_cm":61864,"minecraft:enchant_item":7,"minecraft:interact_with_furnace":68,"minecraft:traded_with_villager":1278,"minecraft:interact_with_loom":4,"minecraft:sleep_in_bed":12,"minecraft:damage_dealt":42491,"minecraft:crouch_one_cm":65436,"tombstone:undead_killed":120,"minecraft:interact_with_smoker":32,"minecraft:interact_with_anvil":22,"minecraft:mob_kills":243,"minecraft:damage_dealt_resisted":335,"minecraft:climb_one_cm":192,"minecraft:walk_one_cm":1224483,"tombstone:consume_soul":1,"minecraft:damage_dealt_absorbed":80,"minecraft:sneak_time":29305,"minecraft:walk_under_water_one_cm":36623,"minecraft:boat_one_cm":155292,"minecraft:interact_with_blast_furnace":141,"minecraft:total_world_time":582555,"tombstone:raider_killed":3,"minecraft:interact_with_stonecutter":1,"minecraft:interact_with_grindstone":6,"minecraft:time_since_rest":36265,"minecraft:damage_taken":6553,"minecraft:swim_one_cm":93210,"minecraft:fly_one_cm":2060138,"minecraft:open_chest":595,"minecraft:fall_one_cm":236527}},"DataVersion":3465}