{"stats":{"minecraft:mined":{"minecraft:dark_oak_planks":6,"minecraft:spruce_planks":7,"minecraft:obsidian":11,"minecraft:spruce_trapdoor":9,"minecraft:granite":1,"minecraft:grass_block":7,"minecraft:composter":2,"minecraft:spawner":2,"minecraft:magma_block":1,"minecraft:raw_iron_block":1,"minecraft:iron_ore":348,"minecraft:cobbled_deepslate":15,"minecraft:barrel":4,"minecraft:fletching_table":7,"minecraft:deepslate_lapis_ore":44,"minecraft:spruce_slab":4,"minecraft:tripwire":1,"minecraft:deepslate_redstone_ore":80,"minecraft:smoker":7,"minecraft:medium_amethyst_bud":2,"minecraft:powder_snow":57,"minecraft:blast_furnace":20,"minecraft:calcite":1,"minecraft:chest":1,"minecraft:cobblestone":71,"minecraft:sugar_cane":1,"minecraft:seagrass":1,"tombstone:decorative_grave_normal":2,"minecraft:stone_brick_stairs":1,"minecraft:grass":79,"minecraft:dirt":18,"minecraft:stonecutter":1,"minecraft:netherrack":2,"minecraft:deepslate":95,"minecraft:diamond_ore":1,"minecraft:crying_obsidian":4,"minecraft:tuff":3,"minecraft:mossy_cobblestone":5,"minecraft:deepslate_diamond_ore":5,"minecraft:candle":4,"minecraft:ladder":5,"minecraft:spruce_leaves":21,"minecraft:large_fern":1,"minecraft:hay_block":217,"minecraft:redstone_ore":51,"minecraft:furnace":10,"minecraft:carrots":80,"minecraft:andesite":18,"minecraft:stripped_spruce_log":2,"minecraft:gold_block":2,"minecraft:bell":1,"minecraft:bookshelf":13,"minecraft:deepslate_iron_ore":231,"minecraft:packed_ice":6,"minecraft:stone":280,"minecraft:podzol":1,"minecraft:spruce_door":2,"minecraft:crafting_table":18,"minecraft:emerald_ore":2,"minecraft:lectern":245,"minecraft:tall_grass":6,"minecraft:copper_ore":116,"minecraft:deepslate_coal_ore":1,"minecraft:lapis_ore":32,"minecraft:deepslate_gold_ore":44,"minecraft:diorite":1,"minecraft:spruce_stairs":3,"minecraft:sweet_berry_bush":70,"minecraft:ice":2,"minecraft:spruce_log":38,"minecraft:yellow_bed":1,"minecraft:coal_ore":535,"minecraft:zombie_head":2,"minecraft:gravel":21,"minecraft:cobweb":15,"minecraft:gold_ore":33},"minecraft:killed":{"minecraft:cave_spider":1,"minecraft:witch":2,"minecraft:spider":12,"minecraft:skeleton":40,"alexsmobs:centipede_head":1,"minecraft:pig":3,"alexsmobs:grizzly_bear":1,"minecraft:zombie_villager":1,"minecraft:creeper":16,"minecraft:sheep":2,"minecraft:zombie":49,"minecraft:cow":25,"alexsmobs:raccoon":4,"minecraft:drowned":2,"minecraft:rabbit":3,"minecraft:bat":1,"alexsmobs:cockroach":1,"alexsmobs:crow":1,"minecraft:enderman":6},"minecraft:broken":{"minecraft:stone_pickaxe":1,"minecraft:iron_sword":1,"minecraft:stone_hoe":1,"minecraft:shield":2,"minecraft:iron_axe":1,"minecraft:iron_pickaxe":3},"minecraft:used":{"minecraft:ladder":2,"minecraft:chest":12,"minecraft:shield":153,"minecraft:iron_sword":381,"minecraft:bell":1,"minecraft:rotten_flesh":8,"minecraft:tuff":5,"minecraft:spruce_boat":16,"minecraft:stone_brick_stairs":1,"minecraft:item_frame":1,"tombstone:decorative_grave_normal":2,"minecraft:magma_block":1,"minecraft:bow":9,"minecraft:furnace":16,"minecraft:potato":55,"minecraft:diorite":1,"minecraft:spruce_door":2,"minecraft:stone_pickaxe":168,"minecraft:wooden_pickaxe":3,"minecraft:sugar_cane":2,"minecraft:golden_apple":1,"minecraft:blast_furnace":27,"minecraft:zombie_head":2,"minecraft:bread":47,"minecraft:string":1,"minecraft:lectern":247,"minecraft:gravel":19,"minecraft:cooked_rabbit":3,"minecraft:andesite":18,"minecraft:bone_meal":43,"betterarcheology:iron_brush":6,"minecraft:spruce_planks":3,"minecraft:cooked_salmon":3,"minecraft:stone_hoe":142,"minecraft:netherrack":2,"minecraft:dirt":121,"minecraft:anvil":1,"minecraft:spruce_stairs":3,"minecraft:granite":1,"minecraft:spruce_fence":3,"minecraft:iron_hoe":90,"tombstone:ankh_of_pray":1,"minecraft:bookshelf":1,"minecraft:iron_axe":465,"minecraft:melon_seeds":3,"tombstone:gift":9,"minecraft:cooked_beef":19,"minecraft:cobbled_deepslate":45,"minecraft:calcite":13,"minecraft:wheat_seeds":10,"minecraft:cooked_mutton":3,"minecraft:water_bucket":16,"tombstone:scroll_of_knowledge":3,"minecraft:fletching_table":9,"minecraft:salmon":3,"minecraft:mossy_cobblestone":1,"minecraft:crafting_table":19,"minecraft:cod":1,"minecraft:smoker":13,"tombstone:bag_of_seeds":2,"minecraft:diamond_pickaxe":1027,"minecraft:sunflower":1,"minecraft:iron_pickaxe":893,"tombstone:magic_scroll":1,"minecraft:spruce_trapdoor":6,"minecraft:stone_axe":10,"minecraft:cobblestone":308,"minecraft:cooked_porkchop":6,"minecraft:bucket":18,"minecraft:yellow_bed":1,"minecraft:candle":8},"minecraft:crafted":{"minecraft:smooth_stone":6,"minecraft:cooked_chicken":1,"minecraft:stone":12,"sophisticatedbackpacks:crafting_upgrade":1,"minecraft:bookshelf":5,"minecraft:cooked_mutton":3,"minecraft:bow":1,"minecraft:iron_boots":2,"minecraft:chest":11,"minecraft:copper_block":8,"minecraft:stone_hoe":1,"minecraft:cooked_rabbit":3,"minecraft:raw_iron_block":2,"minecraft:smoker":2,"sophisticatedbackpacks:backpack":1,"minecraft:emerald":208,"minecraft:cooked_porkchop":8,"minecraft:diamond_axe":1,"minecraft:crafting_table":5,"minecraft:spruce_planks":3540,"minecraft:wooden_pickaxe":1,"minecraft:iron_helmet":2,"minecraft:copper_ingot":128,"minecraft:fletching_table":1,"minecraft:gold_block":1,"sophisticatedbackpacks:upgrade_base":3,"tombstone:decorative_grave_normal":1,"minecraft:lectern":4,"minecraft:iron_chestplate":2,"minecraft:diamond_pickaxe":1,"minecraft:shield":7,"minecraft:stick":7304,"minecraft:iron_ingot":95,"minecraft:iron_pickaxe":4,"minecraft:iron_block":34,"minecraft:gold_ingot":24,"minecraft:golden_carrot":9,"minecraft:coal":36,"tombstone:strange_tablet":1,"sophisticatedbackpacks:stack_upgrade_tier_1":1,"minecraft:furnace":7,"minecraft:blast_furnace":2,"sophisticatedbackpacks:stack_upgrade_starter_tier":1,"minecraft:bone_meal":42,"betterarcheology:iron_brush":1,"minecraft:iron_axe":4,"minecraft:iron_hoe":1,"minecraft:spruce_slab":12,"minecraft:stone_pickaxe":2,"minecraft:spruce_boat":1,"minecraft:wheat":423,"sophisticatedbackpacks:iron_backpack":1,"minecraft:cooked_beef":50,"minecraft:diamond_sword":1,"minecraft:enchanting_table":1,"minecraft:iron_sword":3,"minecraft:cooked_salmon":1,"tombstone:ankh_of_pray":1,"sophisticatedbackpacks:gold_backpack":1,"minecraft:bucket":1,"minecraft:stone_axe":1,"minecraft:enchanted_book":7,"minecraft:bread":136,"minecraft:air":0,"minecraft:blue_dye":1,"minecraft:gold_nugget":72,"tombstone:dark_marble":6,"minecraft:iron_leggings":2,"minecraft:anvil":1},"minecraft:dropped":{"minecraft:iron_sword":1,"minecraft:brown_mushroom":10,"minecraft:glow_ink_sac":2,"minecraft:diamond":1,"minecraft:cooked_porkchop":2,"minecraft:pitcher_pod":2,"minecraft:leather":7,"minecraft:red_wool":18,"minecraft:fletching_table":1,"minecraft:archer_pottery_sherd":1,"minecraft:flint":9,"minecraft:dirt":120,"minecraft:yellow_dye":2,"tombstone:decorative_grave_normal":1,"minecraft:bone_meal":1,"minecraft:sugar":2,"minecraft:white_wool":12,"minecraft:bone":2,"minecraft:gravel":119,"alexsmobs:centipede_leg":2,"minecraft:prize_pottery_sherd":1,"minecraft:stone_axe":3,"minecraft:sugar_cane":2,"alexsmobs:animal_dictionary":3,"minecraft:cobbled_deepslate":19,"minecraft:wheat":1,"minecraft:rotten_flesh":13,"minecraft:glowstone_dust":1,"minecraft:salmon":1,"minecraft:rabbit_hide":1,"minecraft:stone_brick_wall":3,"minecraft:leather_boots":1,"minecraft:ladder":3,"minecraft:stone_brick_stairs":4,"minecraft:lectern":3,"minecraft:water_bucket":1,"minecraft:enchanted_book":7,"minecraft:iron_ingot":27,"minecraft:wheat_seeds":156,"minecraft:tnt":1,"minecraft:cobblestone":409,"minecraft:book":20,"minecraft:coal_block":11,"minecraft:stick":2,"minecraft:polished_andesite":4,"betterarcheology:iron_brush":1,"minecraft:gray_wool":2,"minecraft:ink_sac":3,"minecraft:wooden_hoe":1,"tombstone:grave_dust":4,"minecraft:zombie_head":2,"minecraft:stonecutter":3,"minecraft:string":8,"minecraft:lapis_block":24,"minecraft:redstone_block":33,"minecraft:sweet_berries":173,"minecraft:raw_copper":9,"minecraft:cocoa_beans":3,"minecraft:tuff":2,"betterarcheology:artifact_shards":1,"minecraft:composter":1,"minecraft:light_gray_wool":7,"sophisticatedbackpacks:backpack":2,"minecraft:name_tag":1,"minecraft:spruce_fence":44,"minecraft:torchflower_seeds":2,"minecraft:hay_block":1,"minecraft:spruce_boat":2,"minecraft:shield":3,"minecraft:bundle":1,"minecraft:spruce_planks":18,"minecraft:barrel":10,"minecraft:spruce_log":1920,"minecraft:stone_pickaxe":2,"minecraft:wooden_pickaxe":3,"minecraft:black_wool":3},"minecraft:picked_up":{"minecraft:wheat":138,"minecraft:redstone_block":65,"minecraft:enchanted_book":10,"minecraft:stone_brick_stairs":7,"minecraft:lapis_block":47,"minecraft:string":46,"minecraft:raw_copper":713,"minecraft:cooked_salmon":3,"minecraft:zombie_head":4,"minecraft:cobbled_deepslate":162,"minecraft:spruce_planks":125,"minecraft:calcite":13,"minecraft:coal_block":22,"minecraft:furnace":10,"minecraft:stick":14,"minecraft:composter":3,"minecraft:spruce_stairs":3,"minecraft:porkchop":8,"tombstone:grave_dust":19,"minecraft:diorite":1,"alexsmobs:centipede_leg":4,"minecraft:rotten_flesh":58,"minecraft:iron_block":2,"minecraft:obsidian":11,"minecraft:cod":1,"minecraft:cobblestone":723,"minecraft:magma_block":1,"minecraft:feather":2,"minecraft:andesite":18,"minecraft:smoker":7,"minecraft:potato":53,"minecraft:flint":21,"minecraft:tuff":7,"minecraft:lapis_lazuli":819,"minecraft:dirt":556,"minecraft:leather_boots":1,"minecraft:bone":47,"minecraft:stonecutter":4,"minecraft:bow":2,"minecraft:wheat_seeds":661,"minecraft:raw_gold":133,"minecraft:bell":1,"minecraft:fletching_table":7,"minecraft:rabbit":3,"minecraft:glowstone_dust":1,"minecraft:pitcher_pod":4,"betterarcheology:artifact_shards":1,"minecraft:stripped_spruce_log":2,"minecraft:ink_sac":6,"alexsmobs:animal_dictionary":3,"minecraft:barrel":20,"minecraft:mossy_cobblestone":5,"minecraft:bundle":2,"minecraft:iron_hoe":1,"minecraft:polished_andesite":8,"minecraft:sugar":2,"minecraft:diamond":12,"minecraft:spruce_boat":19,"minecraft:granite":1,"minecraft:bone_meal":2,"minecraft:emerald":2,"minecraft:bread":20,"minecraft:netherrack":2,"minecraft:cocoa_beans":6,"minecraft:crafting_table":18,"minecraft:chicken":1,"minecraft:ladder":5,"minecraft:brown_mushroom":20,"minecraft:wooden_pickaxe":2,"minecraft:stone_brick_wall":3,"minecraft:gold_block":2,"minecraft:shield":2,"minecraft:iron_axe":1,"minecraft:item_frame":1,"minecraft:iron_shovel":1,"minecraft:candle":17,"minecraft:beef":50,"minecraft:light_gray_wool":7,"minecraft:spruce_slab":4,"minecraft:lectern":246,"minecraft:sugar_cane":4,"minecraft:chest":1,"minecraft:spruce_trapdoor":9,"minecraft:raw_iron":861,"minecraft:copper_ingot":48,"minecraft:spruce_fence":88,"sophisticatedbackpacks:backpack":1,"minecraft:carrot":155,"minecraft:redstone":714,"minecraft:dark_oak_planks":6,"minecraft:tnt":1,"minecraft:arrow":42,"minecraft:hay_block":308,"minecraft:gold_ingot":8,"minecraft:mutton":3,"minecraft:white_wool":23,"minecraft:glow_ink_sac":6,"minecraft:salmon":5,"minecraft:leather":31,"minecraft:yellow_dye":2,"minecraft:yellow_bed":1,"minecraft:gunpowder":16,"minecraft:wooden_hoe":1,"minecraft:rabbit_hide":1,"minecraft:iron_ingot":75,"minecraft:stone_pickaxe":1,"tombstone:bag_of_seeds":1,"minecraft:iron_sword":2,"minecraft:book":59,"minecraft:sweet_berries":354,"minecraft:red_wool":27,"minecraft:raw_iron_block":1,"minecraft:torchflower_seeds":4,"minecraft:gravel":199,"minecraft:prize_pottery_sherd":1,"minecraft:spruce_sapling":2,"minecraft:blast_furnace":19,"minecraft:spruce_log":2451,"minecraft:crying_obsidian":4,"minecraft:spruce_door":2,"minecraft:spider_eye":7,"minecraft:archer_pottery_sherd":1,"minecraft:stone_axe":2,"tombstone:decorative_grave_normal":2,"minecraft:gray_wool":2,"tombstone:magic_scroll":1,"minecraft:black_wool":3,"minecraft:coal":1015,"minecraft:sunflower":1,"minecraft:ender_pearl":1},"minecraft:killed_by":{"minecraft:enderman":1,"alexsmobs:centipede_head":1},"minecraft:custom":{"minecraft:animals_bred":30,"minecraft:interact_with_crafting_table":82,"minecraft:open_barrel":2,"minecraft:bell_ring":1,"minecraft:leave_game":12,"minecraft:time_since_death":228053,"minecraft:sprint_one_cm":821297,"minecraft:damage_blocked_by_shield":9035,"minecraft:drop":168,"minecraft:talked_to_villager":309,"minecraft:play_time":411355,"minecraft:deaths":2,"minecraft:jump":6636,"minecraft:walk_on_water_one_cm":49244,"minecraft:interact_with_furnace":64,"minecraft:traded_with_villager":216,"minecraft:sleep_in_bed":8,"minecraft:damage_dealt":33035,"minecraft:crouch_one_cm":47778,"tombstone:undead_killed":92,"minecraft:interact_with_smoker":32,"minecraft:interact_with_anvil":6,"minecraft:mob_kills":186,"minecraft:climb_one_cm":192,"minecraft:walk_one_cm":788112,"minecraft:sneak_time":23920,"minecraft:walk_under_water_one_cm":21421,"minecraft:boat_one_cm":117286,"minecraft:interact_with_blast_furnace":92,"minecraft:total_world_time":411355,"tombstone:raider_killed":2,"minecraft:time_since_rest":29798,"minecraft:damage_taken":4551,"minecraft:swim_one_cm":77828,"minecraft:fly_one_cm":1282509,"minecraft:open_chest":356,"minecraft:fall_one_cm":152039}},"DataVersion":3465}