{"stats":{"minecraft:broken":{"minecraft:stone_hoe":1,"minecraft:stone_pickaxe":1,"minecraft:shield":1,"minecraft:iron_pickaxe":3},"minecraft:picked_up":{"minecraft:crafting_table":16,"minecraft:wheat":32,"minecraft:ladder":5,"minecraft:stone_brick_stairs":1,"minecraft:string":26,"minecraft:raw_copper":132,"minecraft:iron_axe":1,"minecraft:cooked_salmon":3,"minecraft:item_frame":1,"minecraft:zombie_head":1,"minecraft:candle":4,"minecraft:cobbled_deepslate":53,"minecraft:spruce_planks":6,"minecraft:beef":6,"minecraft:calcite":13,"minecraft:spruce_slab":4,"minecraft:lectern":135,"minecraft:spruce_trapdoor":5,"minecraft:furnace":9,"minecraft:stick":3,"minecraft:raw_iron":348,"minecraft:composter":1,"minecraft:spruce_stairs":3,"sophisticatedbackpacks:backpack":1,"minecraft:porkchop":8,"tombstone:grave_dust":8,"minecraft:diorite":1,"minecraft:carrot":1,"minecraft:redstone":294,"minecraft:dark_oak_planks":6,"minecraft:tnt":1,"minecraft:arrow":16,"minecraft:rotten_flesh":28,"minecraft:hay_block":218,"minecraft:iron_block":2,"minecraft:mutton":3,"minecraft:cod":1,"minecraft:white_wool":1,"minecraft:cobblestone":245,"minecraft:feather":1,"minecraft:glow_ink_sac":2,"minecraft:salmon":3,"minecraft:leather":5,"minecraft:smoker":7,"minecraft:tuff":7,"minecraft:yellow_bed":1,"minecraft:gunpowder":6,"minecraft:lapis_lazuli":216,"minecraft:dirt":19,"minecraft:bone":20,"minecraft:bow":2,"minecraft:stonecutter":1,"minecraft:wheat_seeds":108,"minecraft:raw_gold":24,"minecraft:rabbit_hide":1,"minecraft:iron_ingot":27,"minecraft:stone_pickaxe":1,"minecraft:fletching_table":3,"minecraft:rabbit":3,"minecraft:iron_sword":2,"minecraft:book":18,"minecraft:sweet_berries":81,"minecraft:raw_iron_block":1,"minecraft:gravel":4,"minecraft:prize_pottery_sherd":1,"minecraft:spruce_sapling":2,"minecraft:blast_furnace":19,"minecraft:spruce_log":102,"minecraft:spider_eye":6,"minecraft:barrel":6,"minecraft:mossy_cobblestone":5,"minecraft:archer_pottery_sherd":1,"minecraft:bundle":1,"minecraft:sugar":2,"minecraft:diamond":1,"minecraft:spruce_boat":10,"minecraft:stone_axe":2,"minecraft:emerald":1,"minecraft:black_wool":1,"minecraft:coal":234,"minecraft:sunflower":1},"minecraft:used":{"betterarcheology:iron_brush":6,"minecraft:ladder":2,"minecraft:chest":2,"minecraft:spruce_planks":3,"minecraft:shield":63,"minecraft:iron_sword":227,"minecraft:cooked_salmon":3,"minecraft:rotten_flesh":8,"minecraft:stone_hoe":142,"minecraft:dirt":19,"minecraft:anvil":1,"minecraft:spruce_stairs":3,"minecraft:tuff":5,"minecraft:spruce_boat":10,"minecraft:iron_hoe":89,"minecraft:iron_axe":277,"minecraft:stone_brick_stairs":1,"minecraft:melon_seeds":3,"minecraft:item_frame":1,"minecraft:bow":5,"minecraft:furnace":15,"tombstone:gift":5,"minecraft:cooked_beef":7,"minecraft:cobbled_deepslate":34,"minecraft:calcite":13,"minecraft:wheat_seeds":10,"minecraft:cooked_mutton":3,"tombstone:scroll_of_knowledge":3,"minecraft:diorite":1,"minecraft:stone_pickaxe":168,"minecraft:wooden_pickaxe":3,"minecraft:fletching_table":3,"minecraft:salmon":3,"minecraft:golden_apple":1,"minecraft:mossy_cobblestone":1,"minecraft:crafting_table":17,"minecraft:blast_furnace":27,"minecraft:cod":1,"minecraft:smoker":13,"minecraft:sunflower":1,"minecraft:bread":14,"minecraft:iron_pickaxe":880,"minecraft:lectern":137,"minecraft:spruce_trapdoor":1,"minecraft:gravel":4,"minecraft:stone_axe":10,"minecraft:cobblestone":175,"minecraft:cooked_porkchop":6,"minecraft:cooked_rabbit":3,"minecraft:bucket":1,"minecraft:yellow_bed":1,"minecraft:candle":4,"minecraft:bone_meal":9},"minecraft:mined":{"minecraft:dark_oak_planks":6,"minecraft:diamond_ore":1,"minecraft:tuff":3,"minecraft:spruce_planks":6,"minecraft:mossy_cobblestone":5,"minecraft:candle":1,"minecraft:spruce_trapdoor":5,"minecraft:ladder":5,"minecraft:grass_block":6,"minecraft:spruce_leaves":21,"minecraft:composter":1,"minecraft:spawner":1,"minecraft:large_fern":1,"minecraft:hay_block":217,"minecraft:raw_iron_block":1,"minecraft:redstone_ore":36,"minecraft:furnace":9,"minecraft:iron_ore":229,"minecraft:barrel":4,"minecraft:cobbled_deepslate":6,"minecraft:deepslate_lapis_ore":10,"minecraft:fletching_table":3,"minecraft:bookshelf":6,"minecraft:deepslate_iron_ore":118,"minecraft:packed_ice":6,"minecraft:stone":198,"minecraft:spruce_slab":4,"minecraft:podzol":1,"minecraft:deepslate_redstone_ore":29,"minecraft:smoker":7,"minecraft:powder_snow":57,"minecraft:crafting_table":16,"minecraft:blast_furnace":20,"minecraft:emerald_ore":1,"minecraft:calcite":1,"minecraft:lectern":135,"minecraft:copper_ore":40,"minecraft:tall_grass":6,"minecraft:cobblestone":41,"minecraft:deepslate_gold_ore":9,"minecraft:lapis_ore":24,"minecraft:diorite":1,"minecraft:spruce_stairs":3,"minecraft:seagrass":1,"minecraft:sweet_berry_bush":70,"minecraft:ice":1,"minecraft:spruce_log":38,"minecraft:stone_brick_stairs":1,"minecraft:yellow_bed":1,"minecraft:grass":78,"minecraft:coal_ore":202,"minecraft:zombie_head":1,"minecraft:gravel":4,"minecraft:cobweb":15,"minecraft:stonecutter":1,"minecraft:gold_ore":15,"minecraft:deepslate":34},"minecraft:killed":{"minecraft:cave_spider":1,"minecraft:witch":1,"alexsmobs:raccoon":4,"minecraft:spider":7,"minecraft:skeleton":16,"minecraft:drowned":2,"minecraft:pig":3,"alexsmobs:grizzly_bear":1,"minecraft:zombie_villager":1,"minecraft:rabbit":3,"minecraft:creeper":8,"minecraft:sheep":2,"alexsmobs:cockroach":1,"minecraft:zombie":25,"alexsmobs:crow":1,"minecraft:enderman":2,"minecraft:cow":3},"minecraft:custom":{"minecraft:interact_with_anvil":1,"minecraft:mob_kills":95,"minecraft:animals_bred":7,"minecraft:interact_with_crafting_table":45,"minecraft:open_barrel":2,"minecraft:leave_game":4,"minecraft:time_since_death":58296,"minecraft:climb_one_cm":192,"minecraft:sprint_one_cm":480171,"minecraft:walk_one_cm":425031,"minecraft:damage_blocked_by_shield":3710,"minecraft:drop":48,"minecraft:talked_to_villager":142,"minecraft:play_time":241598,"minecraft:sneak_time":16737,"minecraft:deaths":2,"minecraft:walk_under_water_one_cm":10528,"minecraft:boat_one_cm":98386,"minecraft:jump":4036,"minecraft:interact_with_blast_furnace":81,"minecraft:walk_on_water_one_cm":34443,"minecraft:total_world_time":241598,"minecraft:interact_with_furnace":50,"tombstone:raider_killed":1,"minecraft:traded_with_villager":58,"minecraft:sleep_in_bed":2,"minecraft:time_since_rest":21977,"minecraft:damage_taken":2213,"minecraft:damage_dealt":16055,"minecraft:swim_one_cm":36817,"minecraft:fly_one_cm":814365,"minecraft:open_chest":84,"minecraft:crouch_one_cm":33282,"tombstone:undead_killed":44,"minecraft:interact_with_smoker":14,"minecraft:fall_one_cm":92733},"minecraft:killed_by":{"minecraft:enderman":1,"alexsmobs:centipede_head":1},"minecraft:dropped":{"minecraft:water_bucket":1,"minecraft:iron_ingot":3,"minecraft:iron_sword":1,"minecraft:wheat_seeds":11,"minecraft:glow_ink_sac":2,"minecraft:tnt":1,"minecraft:cooked_porkchop":2,"minecraft:leather":2,"minecraft:fletching_table":1,"minecraft:archer_pottery_sherd":1,"betterarcheology:iron_brush":1,"minecraft:stonecutter":1,"minecraft:sugar":2,"minecraft:white_wool":1,"minecraft:bone":1,"minecraft:prize_pottery_sherd":1,"minecraft:stone_axe":3,"alexsmobs:animal_dictionary":1,"minecraft:raw_copper":4,"minecraft:tuff":2,"minecraft:rotten_flesh":13,"sophisticatedbackpacks:backpack":2,"minecraft:rabbit_hide":1,"minecraft:hay_block":1,"minecraft:shield":2,"minecraft:ladder":3,"minecraft:stone_pickaxe":2,"minecraft:wooden_pickaxe":1,"minecraft:lectern":1,"minecraft:black_wool":1},"minecraft:crafted":{"minecraft:smooth_stone":6,"minecraft:coal":27,"sophisticatedbackpacks:stack_upgrade_tier_1":1,"minecraft:furnace":6,"minecraft:blast_furnace":2,"sophisticatedbackpacks:stack_upgrade_starter_tier":1,"minecraft:stone":6,"minecraft:bone_meal":9,"sophisticatedbackpacks:crafting_upgrade":1,"minecraft:bookshelf":1,"minecraft:cooked_mutton":3,"betterarcheology:iron_brush":1,"minecraft:bow":1,"minecraft:iron_boots":1,"minecraft:iron_axe":2,"minecraft:iron_hoe":1,"minecraft:stone_pickaxe":2,"minecraft:chest":3,"minecraft:copper_block":8,"minecraft:spruce_boat":1,"minecraft:stone_hoe":1,"minecraft:cooked_rabbit":3,"minecraft:smoker":2,"sophisticatedbackpacks:iron_backpack":1,"minecraft:wheat":225,"minecraft:cooked_beef":6,"minecraft:emerald":56,"sophisticatedbackpacks:backpack":1,"minecraft:cooked_porkchop":8,"minecraft:crafting_table":5,"minecraft:spruce_planks":968,"minecraft:wooden_pickaxe":1,"minecraft:iron_helmet":1,"minecraft:iron_sword":1,"minecraft:copper_ingot":128,"sophisticatedbackpacks:gold_backpack":1,"minecraft:gold_block":1,"minecraft:bucket":1,"minecraft:stone_axe":1,"sophisticatedbackpacks:upgrade_base":3,"minecraft:enchanted_book":2,"minecraft:bread":70,"minecraft:air":0,"minecraft:blue_dye":1,"minecraft:lectern":1,"minecraft:iron_chestplate":1,"minecraft:diamond_pickaxe":1,"minecraft:shield":4,"minecraft:stick":1840,"minecraft:iron_ingot":59,"minecraft:iron_pickaxe":4,"minecraft:iron_block":31,"minecraft:gold_ingot":24,"minecraft:iron_leggings":1,"minecraft:anvil":1}},"DataVersion":3465}