{"stats":{"minecraft:broken":{"minecraft:stone_pickaxe":1,"minecraft:iron_sword":1,"minecraft:stone_hoe":1,"minecraft:shield":2,"minecraft:iron_axe":1,"minecraft:iron_pickaxe":3},"minecraft:used":{"minecraft:ladder":2,"minecraft:chest":11,"minecraft:shield":152,"minecraft:iron_sword":375,"minecraft:rotten_flesh":8,"minecraft:tuff":5,"minecraft:spruce_boat":16,"minecraft:stone_brick_stairs":1,"minecraft:item_frame":1,"minecraft:magma_block":1,"minecraft:bow":9,"minecraft:furnace":16,"minecraft:potato":55,"minecraft:diorite":1,"minecraft:spruce_door":2,"minecraft:stone_pickaxe":168,"minecraft:wooden_pickaxe":3,"minecraft:golden_apple":1,"minecraft:blast_furnace":27,"minecraft:bread":42,"minecraft:string":1,"minecraft:lectern":189,"minecraft:gravel":19,"minecraft:cooked_rabbit":3,"minecraft:andesite":18,"minecraft:bone_meal":43,"betterarcheology:iron_brush":6,"minecraft:spruce_planks":3,"minecraft:cooked_salmon":3,"minecraft:stone_hoe":142,"minecraft:netherrack":2,"minecraft:dirt":114,"minecraft:anvil":1,"minecraft:spruce_stairs":3,"minecraft:granite":1,"minecraft:spruce_fence":3,"minecraft:iron_hoe":90,"minecraft:iron_axe":388,"minecraft:melon_seeds":3,"tombstone:gift":7,"minecraft:cooked_beef":19,"minecraft:cobbled_deepslate":45,"minecraft:calcite":13,"minecraft:wheat_seeds":10,"minecraft:cooked_mutton":3,"minecraft:water_bucket":11,"tombstone:scroll_of_knowledge":3,"minecraft:fletching_table":9,"minecraft:salmon":3,"minecraft:mossy_cobblestone":1,"minecraft:crafting_table":19,"minecraft:cod":1,"minecraft:smoker":13,"tombstone:bag_of_seeds":2,"minecraft:diamond_pickaxe":1004,"minecraft:sunflower":1,"minecraft:iron_pickaxe":893,"tombstone:magic_scroll":1,"minecraft:spruce_trapdoor":5,"minecraft:stone_axe":10,"minecraft:cobblestone":290,"minecraft:cooked_porkchop":6,"minecraft:bucket":13,"minecraft:yellow_bed":1,"minecraft:candle":8},"minecraft:crafted":{"minecraft:smooth_stone":6,"minecraft:cooked_chicken":1,"minecraft:stone":6,"sophisticatedbackpacks:crafting_upgrade":1,"minecraft:bookshelf":4,"minecraft:cooked_mutton":3,"minecraft:bow":1,"minecraft:iron_boots":1,"minecraft:chest":10,"minecraft:copper_block":8,"minecraft:stone_hoe":1,"minecraft:cooked_rabbit":3,"minecraft:raw_iron_block":2,"minecraft:smoker":2,"sophisticatedbackpacks:backpack":1,"minecraft:emerald":148,"minecraft:cooked_porkchop":8,"minecraft:crafting_table":5,"minecraft:spruce_planks":2496,"minecraft:wooden_pickaxe":1,"minecraft:iron_helmet":1,"minecraft:copper_ingot":128,"minecraft:fletching_table":1,"minecraft:gold_block":1,"sophisticatedbackpacks:upgrade_base":3,"minecraft:lectern":4,"minecraft:iron_chestplate":1,"minecraft:diamond_pickaxe":1,"minecraft:shield":5,"minecraft:stick":5256,"minecraft:iron_ingot":68,"minecraft:iron_pickaxe":4,"minecraft:iron_block":32,"minecraft:gold_ingot":24,"minecraft:coal":27,"sophisticatedbackpacks:stack_upgrade_tier_1":1,"minecraft:furnace":7,"minecraft:blast_furnace":2,"sophisticatedbackpacks:stack_upgrade_starter_tier":1,"minecraft:bone_meal":42,"betterarcheology:iron_brush":1,"minecraft:iron_axe":4,"minecraft:spruce_slab":12,"minecraft:iron_hoe":1,"minecraft:stone_pickaxe":2,"minecraft:spruce_boat":1,"minecraft:wheat":423,"sophisticatedbackpacks:iron_backpack":1,"minecraft:cooked_beef":18,"minecraft:iron_sword":3,"minecraft:cooked_salmon":1,"sophisticatedbackpacks:gold_backpack":1,"minecraft:bucket":1,"minecraft:stone_axe":1,"minecraft:enchanted_book":4,"minecraft:bread":136,"minecraft:air":0,"minecraft:blue_dye":1,"minecraft:iron_leggings":1,"minecraft:anvil":1},"minecraft:custom":{"minecraft:animals_bred":7,"minecraft:interact_with_crafting_table":61,"minecraft:open_barrel":2,"minecraft:leave_game":12,"minecraft:time_since_death":182368,"minecraft:sprint_one_cm":755207,"minecraft:damage_blocked_by_shield":9035,"minecraft:drop":155,"minecraft:talked_to_villager":228,"minecraft:play_time":365670,"minecraft:deaths":2,"minecraft:jump":6198,"minecraft:walk_on_water_one_cm":47648,"minecraft:interact_with_furnace":56,"minecraft:traded_with_villager":152,"minecraft:sleep_in_bed":7,"minecraft:damage_dealt":31095,"minecraft:crouch_one_cm":47291,"tombstone:undead_killed":91,"minecraft:interact_with_smoker":28,"minecraft:mob_kills":168,"minecraft:interact_with_anvil":2,"minecraft:climb_one_cm":192,"minecraft:walk_one_cm":677123,"minecraft:sneak_time":23749,"minecraft:walk_under_water_one_cm":21421,"minecraft:boat_one_cm":117286,"minecraft:interact_with_blast_furnace":87,"minecraft:total_world_time":365670,"tombstone:raider_killed":2,"minecraft:time_since_rest":733,"minecraft:damage_taken":4430,"minecraft:swim_one_cm":77828,"minecraft:fly_one_cm":1172429,"minecraft:open_chest":235,"minecraft:fall_one_cm":143034},"minecraft:dropped":{"minecraft:iron_sword":1,"minecraft:brown_mushroom":10,"minecraft:glow_ink_sac":2,"minecraft:diamond":1,"minecraft:cooked_porkchop":2,"minecraft:leather":7,"minecraft:red_wool":18,"minecraft:fletching_table":1,"minecraft:archer_pottery_sherd":1,"minecraft:flint":9,"minecraft:dirt":120,"minecraft:yellow_dye":2,"minecraft:bone_meal":1,"minecraft:sugar":2,"minecraft:white_wool":12,"minecraft:bone":2,"minecraft:gravel":119,"minecraft:prize_pottery_sherd":1,"minecraft:stone_axe":3,"alexsmobs:animal_dictionary":3,"minecraft:cobbled_deepslate":19,"minecraft:wheat":1,"minecraft:rotten_flesh":13,"minecraft:glowstone_dust":1,"minecraft:salmon":1,"minecraft:rabbit_hide":1,"minecraft:stone_brick_wall":3,"minecraft:leather_boots":1,"minecraft:ladder":3,"minecraft:stone_brick_stairs":4,"minecraft:lectern":3,"minecraft:water_bucket":1,"minecraft:enchanted_book":7,"minecraft:iron_ingot":27,"minecraft:wheat_seeds":156,"minecraft:tnt":1,"minecraft:cobblestone":409,"minecraft:book":20,"minecraft:coal_block":11,"minecraft:stick":2,"minecraft:polished_andesite":4,"betterarcheology:iron_brush":1,"minecraft:gray_wool":2,"minecraft:ink_sac":3,"minecraft:wooden_hoe":1,"minecraft:stonecutter":3,"minecraft:string":8,"minecraft:lapis_block":24,"minecraft:redstone_block":33,"minecraft:sweet_berries":173,"minecraft:raw_copper":9,"minecraft:tuff":2,"betterarcheology:artifact_shards":1,"minecraft:composter":1,"minecraft:light_gray_wool":7,"sophisticatedbackpacks:backpack":2,"minecraft:spruce_fence":44,"minecraft:hay_block":1,"minecraft:spruce_boat":2,"minecraft:shield":3,"minecraft:spruce_planks":18,"minecraft:barrel":10,"minecraft:spruce_log":1920,"minecraft:stone_pickaxe":2,"minecraft:wooden_pickaxe":3,"minecraft:black_wool":3},"minecraft:killed_by":{"minecraft:enderman":1,"alexsmobs:centipede_head":1},"minecraft:killed":{"minecraft:cave_spider":1,"minecraft:witch":2,"minecraft:spider":11,"minecraft:skeleton":40,"alexsmobs:centipede_head":1,"minecraft:pig":3,"alexsmobs:grizzly_bear":1,"minecraft:zombie_villager":1,"minecraft:creeper":16,"minecraft:sheep":2,"minecraft:zombie":48,"minecraft:cow":9,"alexsmobs:raccoon":4,"minecraft:drowned":2,"minecraft:rabbit":3,"minecraft:bat":1,"alexsmobs:cockroach":1,"alexsmobs:crow":1,"minecraft:enderman":6},"minecraft:picked_up":{"minecraft:wheat":35,"minecraft:redstone_block":65,"minecraft:enchanted_book":10,"minecraft:stone_brick_stairs":7,"minecraft:lapis_block":47,"minecraft:string":46,"minecraft:raw_copper":713,"minecraft:cooked_salmon":3,"minecraft:zombie_head":2,"minecraft:cobbled_deepslate":162,"minecraft:spruce_planks":125,"minecraft:calcite":13,"minecraft:coal_block":22,"minecraft:furnace":10,"minecraft:stick":14,"minecraft:composter":2,"minecraft:spruce_stairs":3,"minecraft:porkchop":8,"tombstone:grave_dust":17,"minecraft:diorite":1,"alexsmobs:centipede_leg":2,"minecraft:rotten_flesh":57,"minecraft:iron_block":2,"minecraft:obsidian":11,"minecraft:cod":1,"minecraft:cobblestone":705,"minecraft:magma_block":1,"minecraft:feather":2,"minecraft:andesite":18,"minecraft:smoker":7,"minecraft:potato":53,"minecraft:flint":21,"minecraft:tuff":7,"minecraft:lapis_lazuli":819,"minecraft:dirt":549,"minecraft:leather_boots":1,"minecraft:bone":47,"minecraft:stonecutter":4,"minecraft:bow":2,"minecraft:wheat_seeds":394,"minecraft:raw_gold":133,"minecraft:fletching_table":7,"minecraft:rabbit":3,"minecraft:glowstone_dust":1,"minecraft:pitcher_pod":2,"betterarcheology:artifact_shards":1,"minecraft:stripped_spruce_log":2,"minecraft:ink_sac":6,"alexsmobs:animal_dictionary":3,"minecraft:barrel":20,"minecraft:mossy_cobblestone":5,"minecraft:bundle":2,"minecraft:iron_hoe":1,"minecraft:polished_andesite":8,"minecraft:sugar":2,"minecraft:diamond":12,"minecraft:spruce_boat":19,"minecraft:granite":1,"minecraft:bone_meal":2,"minecraft:emerald":2,"minecraft:bread":20,"minecraft:netherrack":2,"minecraft:cocoa_beans":3,"minecraft:crafting_table":18,"minecraft:chicken":1,"minecraft:ladder":5,"minecraft:brown_mushroom":20,"minecraft:wooden_pickaxe":2,"minecraft:stone_brick_wall":3,"minecraft:gold_block":2,"minecraft:shield":2,"minecraft:iron_axe":1,"minecraft:item_frame":1,"minecraft:iron_shovel":1,"minecraft:candle":17,"minecraft:beef":18,"minecraft:light_gray_wool":7,"minecraft:spruce_slab":4,"minecraft:lectern":188,"minecraft:sugar_cane":2,"minecraft:chest":1,"minecraft:spruce_trapdoor":8,"minecraft:raw_iron":861,"minecraft:copper_ingot":48,"minecraft:spruce_fence":88,"sophisticatedbackpacks:backpack":1,"minecraft:carrot":155,"minecraft:redstone":714,"minecraft:dark_oak_planks":6,"minecraft:tnt":1,"minecraft:arrow":42,"minecraft:hay_block":308,"minecraft:gold_ingot":8,"minecraft:mutton":3,"minecraft:white_wool":23,"minecraft:glow_ink_sac":6,"minecraft:salmon":5,"minecraft:leather":19,"minecraft:yellow_dye":2,"minecraft:yellow_bed":1,"minecraft:gunpowder":16,"minecraft:wooden_hoe":1,"minecraft:rabbit_hide":1,"minecraft:iron_ingot":75,"minecraft:stone_pickaxe":1,"tombstone:bag_of_seeds":1,"minecraft:iron_sword":2,"minecraft:book":56,"minecraft:sweet_berries":354,"minecraft:red_wool":27,"minecraft:raw_iron_block":1,"minecraft:torchflower_seeds":2,"minecraft:gravel":199,"minecraft:prize_pottery_sherd":1,"minecraft:spruce_sapling":2,"minecraft:blast_furnace":19,"minecraft:spruce_log":2451,"minecraft:crying_obsidian":4,"minecraft:spruce_door":2,"minecraft:spider_eye":6,"minecraft:archer_pottery_sherd":1,"minecraft:stone_axe":2,"minecraft:gray_wool":2,"tombstone:magic_scroll":1,"minecraft:black_wool":3,"minecraft:coal":1015,"minecraft:sunflower":1,"minecraft:ender_pearl":1},"minecraft:mined":{"minecraft:dark_oak_planks":6,"minecraft:spruce_planks":7,"minecraft:obsidian":11,"minecraft:spruce_trapdoor":8,"minecraft:granite":1,"minecraft:grass_block":7,"minecraft:composter":1,"minecraft:spawner":2,"minecraft:magma_block":1,"minecraft:raw_iron_block":1,"minecraft:iron_ore":348,"minecraft:cobbled_deepslate":15,"minecraft:barrel":4,"minecraft:fletching_table":7,"minecraft:deepslate_lapis_ore":44,"minecraft:spruce_slab":4,"minecraft:tripwire":1,"minecraft:deepslate_redstone_ore":80,"minecraft:smoker":7,"minecraft:powder_snow":57,"minecraft:blast_furnace":20,"minecraft:calcite":1,"minecraft:chest":1,"minecraft:cobblestone":53,"minecraft:sugar_cane":1,"minecraft:seagrass":1,"minecraft:stone_brick_stairs":1,"minecraft:grass":79,"minecraft:dirt":11,"minecraft:stonecutter":1,"minecraft:netherrack":2,"minecraft:deepslate":95,"minecraft:diamond_ore":1,"minecraft:crying_obsidian":4,"minecraft:tuff":3,"minecraft:mossy_cobblestone":5,"minecraft:deepslate_diamond_ore":5,"minecraft:candle":4,"minecraft:ladder":5,"minecraft:spruce_leaves":21,"minecraft:large_fern":1,"minecraft:hay_block":217,"minecraft:redstone_ore":51,"minecraft:furnace":10,"minecraft:carrots":80,"minecraft:andesite":18,"minecraft:stripped_spruce_log":2,"minecraft:gold_block":2,"minecraft:bookshelf":12,"minecraft:deepslate_iron_ore":231,"minecraft:packed_ice":6,"minecraft:stone":280,"minecraft:podzol":1,"minecraft:spruce_door":2,"minecraft:crafting_table":18,"minecraft:emerald_ore":2,"minecraft:lectern":186,"minecraft:tall_grass":6,"minecraft:copper_ore":116,"minecraft:deepslate_coal_ore":1,"minecraft:lapis_ore":32,"minecraft:deepslate_gold_ore":44,"minecraft:diorite":1,"minecraft:spruce_stairs":3,"minecraft:sweet_berry_bush":70,"minecraft:ice":2,"minecraft:spruce_log":38,"minecraft:yellow_bed":1,"minecraft:coal_ore":535,"minecraft:zombie_head":2,"minecraft:gravel":21,"minecraft:cobweb":15,"minecraft:gold_ore":33}},"DataVersion":3465}