{"stats":{"minecraft:broken":{"minecraft:stone_pickaxe":1,"minecraft:stone_hoe":1,"minecraft:shield":1,"minecraft:iron_axe":1,"minecraft:iron_pickaxe":3},"minecraft:used":{"minecraft:ladder":2,"minecraft:chest":11,"minecraft:shield":77,"minecraft:iron_sword":248,"minecraft:rotten_flesh":8,"minecraft:tuff":5,"minecraft:spruce_boat":12,"minecraft:stone_brick_stairs":1,"minecraft:item_frame":1,"minecraft:bow":5,"minecraft:furnace":15,"minecraft:potato":55,"minecraft:diorite":1,"minecraft:spruce_door":2,"minecraft:stone_pickaxe":168,"minecraft:wooden_pickaxe":3,"minecraft:golden_apple":1,"minecraft:blast_furnace":27,"minecraft:bread":15,"minecraft:string":1,"minecraft:lectern":189,"minecraft:gravel":19,"minecraft:cooked_rabbit":3,"minecraft:andesite":14,"minecraft:bone_meal":43,"betterarcheology:iron_brush":6,"minecraft:spruce_planks":3,"minecraft:cooked_salmon":3,"minecraft:stone_hoe":142,"minecraft:dirt":114,"minecraft:anvil":1,"minecraft:spruce_stairs":3,"minecraft:spruce_fence":3,"minecraft:iron_hoe":90,"minecraft:iron_axe":356,"minecraft:melon_seeds":3,"tombstone:gift":5,"minecraft:cooked_beef":11,"minecraft:cobbled_deepslate":45,"minecraft:calcite":13,"minecraft:wheat_seeds":10,"minecraft:cooked_mutton":3,"minecraft:water_bucket":5,"tombstone:scroll_of_knowledge":3,"minecraft:fletching_table":9,"minecraft:salmon":3,"minecraft:mossy_cobblestone":1,"minecraft:crafting_table":18,"minecraft:cod":1,"minecraft:smoker":13,"minecraft:diamond_pickaxe":268,"minecraft:sunflower":1,"minecraft:iron_pickaxe":893,"tombstone:magic_scroll":1,"minecraft:spruce_trapdoor":5,"minecraft:stone_axe":10,"minecraft:cobblestone":175,"minecraft:cooked_porkchop":6,"minecraft:bucket":7,"minecraft:yellow_bed":1,"minecraft:candle":8},"minecraft:crafted":{"minecraft:smooth_stone":6,"minecraft:cooked_chicken":1,"minecraft:stone":6,"sophisticatedbackpacks:crafting_upgrade":1,"minecraft:bookshelf":4,"minecraft:cooked_mutton":3,"minecraft:bow":1,"minecraft:iron_boots":1,"minecraft:chest":10,"minecraft:copper_block":8,"minecraft:stone_hoe":1,"minecraft:cooked_rabbit":3,"minecraft:smoker":2,"sophisticatedbackpacks:backpack":1,"minecraft:emerald":148,"minecraft:cooked_porkchop":8,"minecraft:crafting_table":5,"minecraft:spruce_planks":2488,"minecraft:wooden_pickaxe":1,"minecraft:iron_helmet":1,"minecraft:copper_ingot":128,"minecraft:fletching_table":1,"minecraft:gold_block":1,"sophisticatedbackpacks:upgrade_base":3,"minecraft:lectern":4,"minecraft:iron_chestplate":1,"minecraft:diamond_pickaxe":1,"minecraft:shield":4,"minecraft:stick":5252,"minecraft:iron_ingot":67,"minecraft:iron_pickaxe":4,"minecraft:iron_block":32,"minecraft:gold_ingot":24,"minecraft:coal":27,"sophisticatedbackpacks:stack_upgrade_tier_1":1,"minecraft:furnace":6,"minecraft:blast_furnace":2,"sophisticatedbackpacks:stack_upgrade_starter_tier":1,"minecraft:bone_meal":42,"betterarcheology:iron_brush":1,"minecraft:iron_axe":4,"minecraft:spruce_slab":12,"minecraft:iron_hoe":1,"minecraft:stone_pickaxe":2,"minecraft:spruce_boat":1,"minecraft:wheat":423,"sophisticatedbackpacks:iron_backpack":1,"minecraft:cooked_beef":18,"minecraft:iron_sword":3,"minecraft:cooked_salmon":1,"sophisticatedbackpacks:gold_backpack":1,"minecraft:bucket":1,"minecraft:stone_axe":1,"minecraft:enchanted_book":4,"minecraft:bread":136,"minecraft:air":0,"minecraft:blue_dye":1,"minecraft:iron_leggings":1,"minecraft:anvil":1},"minecraft:custom":{"minecraft:animals_bred":7,"minecraft:interact_with_crafting_table":56,"minecraft:open_barrel":2,"minecraft:leave_game":5,"minecraft:time_since_death":123015,"minecraft:sprint_one_cm":620458,"minecraft:damage_blocked_by_shield":4340,"minecraft:drop":151,"minecraft:talked_to_villager":228,"minecraft:play_time":306317,"minecraft:deaths":2,"minecraft:jump":4896,"minecraft:walk_on_water_one_cm":39257,"minecraft:interact_with_furnace":52,"minecraft:traded_with_villager":152,"minecraft:sleep_in_bed":6,"minecraft:damage_dealt":18405,"minecraft:crouch_one_cm":39901,"tombstone:undead_killed":48,"minecraft:interact_with_smoker":28,"minecraft:mob_kills":108,"minecraft:interact_with_anvil":2,"minecraft:climb_one_cm":192,"minecraft:walk_one_cm":548948,"minecraft:sneak_time":19283,"minecraft:walk_under_water_one_cm":11787,"minecraft:boat_one_cm":107026,"minecraft:interact_with_blast_furnace":87,"minecraft:total_world_time":306317,"tombstone:raider_killed":1,"minecraft:time_since_rest":26482,"minecraft:damage_taken":2442,"minecraft:swim_one_cm":45268,"minecraft:fly_one_cm":988962,"minecraft:open_chest":225,"minecraft:fall_one_cm":108067},"minecraft:dropped":{"minecraft:iron_sword":1,"minecraft:brown_mushroom":10,"minecraft:glow_ink_sac":2,"minecraft:diamond":1,"minecraft:cooked_porkchop":2,"minecraft:leather":7,"minecraft:red_wool":18,"minecraft:fletching_table":1,"minecraft:archer_pottery_sherd":1,"minecraft:flint":9,"minecraft:dirt":120,"minecraft:yellow_dye":2,"minecraft:bone_meal":1,"minecraft:sugar":2,"minecraft:white_wool":12,"minecraft:bone":2,"minecraft:gravel":119,"minecraft:prize_pottery_sherd":1,"minecraft:stone_axe":3,"alexsmobs:animal_dictionary":3,"minecraft:cobbled_deepslate":19,"minecraft:wheat":1,"minecraft:rotten_flesh":13,"minecraft:salmon":1,"minecraft:rabbit_hide":1,"minecraft:stone_brick_wall":3,"minecraft:ladder":3,"minecraft:stone_brick_stairs":4,"minecraft:lectern":3,"minecraft:water_bucket":1,"minecraft:enchanted_book":7,"minecraft:iron_ingot":27,"minecraft:wheat_seeds":156,"minecraft:tnt":1,"minecraft:cobblestone":409,"minecraft:book":20,"minecraft:coal_block":11,"minecraft:polished_andesite":4,"betterarcheology:iron_brush":1,"minecraft:gray_wool":2,"minecraft:ink_sac":3,"minecraft:wooden_hoe":1,"minecraft:stonecutter":3,"minecraft:string":8,"minecraft:lapis_block":24,"minecraft:redstone_block":33,"minecraft:sweet_berries":173,"minecraft:raw_copper":4,"minecraft:tuff":2,"betterarcheology:artifact_shards":1,"minecraft:composter":1,"minecraft:light_gray_wool":7,"sophisticatedbackpacks:backpack":2,"minecraft:spruce_fence":44,"minecraft:hay_block":1,"minecraft:spruce_boat":2,"minecraft:shield":3,"minecraft:spruce_planks":18,"minecraft:barrel":10,"minecraft:spruce_log":1920,"minecraft:stone_pickaxe":2,"minecraft:wooden_pickaxe":3,"minecraft:black_wool":3},"minecraft:killed_by":{"minecraft:enderman":1,"alexsmobs:centipede_head":1},"minecraft:killed":{"minecraft:cave_spider":1,"minecraft:witch":1,"minecraft:spider":8,"minecraft:skeleton":18,"minecraft:pig":3,"alexsmobs:grizzly_bear":1,"minecraft:zombie_villager":1,"minecraft:creeper":8,"minecraft:sheep":2,"minecraft:zombie":27,"minecraft:cow":9,"alexsmobs:raccoon":4,"minecraft:drowned":2,"minecraft:rabbit":3,"alexsmobs:cockroach":1,"alexsmobs:crow":1,"minecraft:enderman":3},"minecraft:picked_up":{"minecraft:wheat":35,"minecraft:redstone_block":65,"minecraft:enchanted_book":10,"minecraft:stone_brick_stairs":7,"minecraft:lapis_block":47,"minecraft:string":44,"minecraft:raw_copper":529,"minecraft:cooked_salmon":3,"minecraft:zombie_head":2,"minecraft:cobbled_deepslate":81,"minecraft:spruce_planks":125,"minecraft:calcite":13,"minecraft:coal_block":22,"minecraft:furnace":9,"minecraft:stick":12,"minecraft:composter":2,"minecraft:spruce_stairs":3,"minecraft:porkchop":8,"tombstone:grave_dust":8,"minecraft:diorite":1,"minecraft:rotten_flesh":33,"minecraft:iron_block":2,"minecraft:cod":1,"minecraft:cobblestone":615,"minecraft:feather":2,"minecraft:andesite":14,"minecraft:smoker":7,"minecraft:potato":53,"minecraft:flint":21,"minecraft:tuff":7,"minecraft:lapis_lazuli":224,"minecraft:dirt":549,"minecraft:bone":25,"minecraft:stonecutter":4,"minecraft:bow":2,"minecraft:wheat_seeds":394,"minecraft:raw_gold":24,"minecraft:fletching_table":7,"minecraft:rabbit":3,"betterarcheology:artifact_shards":1,"minecraft:stripped_spruce_log":2,"minecraft:ink_sac":6,"alexsmobs:animal_dictionary":3,"minecraft:barrel":20,"minecraft:mossy_cobblestone":5,"minecraft:bundle":1,"minecraft:iron_hoe":1,"minecraft:polished_andesite":8,"minecraft:sugar":2,"minecraft:diamond":3,"minecraft:spruce_boat":15,"minecraft:bone_meal":2,"minecraft:emerald":1,"minecraft:bread":20,"minecraft:crafting_table":17,"minecraft:chicken":1,"minecraft:ladder":5,"minecraft:brown_mushroom":20,"minecraft:wooden_pickaxe":2,"minecraft:stone_brick_wall":3,"minecraft:shield":2,"minecraft:iron_axe":1,"minecraft:item_frame":1,"minecraft:iron_shovel":1,"minecraft:candle":17,"minecraft:beef":18,"minecraft:spruce_slab":4,"minecraft:light_gray_wool":7,"minecraft:lectern":188,"minecraft:chest":1,"minecraft:spruce_trapdoor":8,"minecraft:raw_iron":360,"minecraft:copper_ingot":48,"minecraft:spruce_fence":88,"sophisticatedbackpacks:backpack":1,"minecraft:carrot":155,"minecraft:redstone":300,"minecraft:dark_oak_planks":6,"minecraft:tnt":1,"minecraft:arrow":16,"minecraft:hay_block":308,"minecraft:gold_ingot":8,"minecraft:mutton":3,"minecraft:white_wool":23,"minecraft:glow_ink_sac":2,"minecraft:salmon":5,"minecraft:leather":19,"minecraft:yellow_dye":2,"minecraft:yellow_bed":1,"minecraft:gunpowder":6,"minecraft:wooden_hoe":1,"minecraft:rabbit_hide":1,"minecraft:iron_ingot":75,"minecraft:stone_pickaxe":1,"minecraft:iron_sword":2,"minecraft:book":56,"minecraft:sweet_berries":354,"minecraft:red_wool":27,"minecraft:raw_iron_block":1,"minecraft:gravel":199,"minecraft:prize_pottery_sherd":1,"minecraft:spruce_sapling":2,"minecraft:blast_furnace":19,"minecraft:spruce_log":2451,"minecraft:spruce_door":2,"minecraft:spider_eye":6,"minecraft:archer_pottery_sherd":1,"minecraft:stone_axe":2,"minecraft:gray_wool":2,"tombstone:magic_scroll":1,"minecraft:black_wool":3,"minecraft:coal":595,"minecraft:sunflower":1},"minecraft:mined":{"minecraft:dark_oak_planks":6,"minecraft:spruce_planks":7,"minecraft:spruce_trapdoor":8,"minecraft:grass_block":7,"minecraft:composter":1,"minecraft:spawner":1,"minecraft:raw_iron_block":1,"minecraft:iron_ore":235,"minecraft:cobbled_deepslate":15,"minecraft:barrel":4,"minecraft:fletching_table":7,"minecraft:deepslate_lapis_ore":10,"minecraft:spruce_slab":4,"minecraft:tripwire":1,"minecraft:deepslate_redstone_ore":29,"minecraft:smoker":7,"minecraft:powder_snow":57,"minecraft:blast_furnace":20,"minecraft:calcite":1,"minecraft:chest":1,"minecraft:cobblestone":43,"minecraft:seagrass":1,"minecraft:stone_brick_stairs":1,"minecraft:grass":78,"minecraft:dirt":11,"minecraft:stonecutter":1,"minecraft:deepslate":34,"minecraft:diamond_ore":1,"minecraft:tuff":3,"minecraft:mossy_cobblestone":5,"minecraft:candle":4,"minecraft:ladder":5,"minecraft:spruce_leaves":21,"minecraft:large_fern":1,"minecraft:hay_block":217,"minecraft:redstone_ore":36,"minecraft:furnace":9,"minecraft:carrots":80,"minecraft:andesite":14,"minecraft:stripped_spruce_log":2,"minecraft:bookshelf":12,"minecraft:deepslate_iron_ore":118,"minecraft:packed_ice":6,"minecraft:stone":225,"minecraft:podzol":1,"minecraft:spruce_door":2,"minecraft:crafting_table":17,"minecraft:emerald_ore":1,"minecraft:lectern":186,"minecraft:tall_grass":6,"minecraft:copper_ore":92,"minecraft:lapis_ore":24,"minecraft:deepslate_gold_ore":9,"minecraft:diorite":1,"minecraft:spruce_stairs":3,"minecraft:sweet_berry_bush":70,"minecraft:ice":2,"minecraft:spruce_log":38,"minecraft:yellow_bed":1,"minecraft:coal_ore":371,"minecraft:zombie_head":2,"minecraft:gravel":21,"minecraft:cobweb":15,"minecraft:gold_ore":15}},"DataVersion":3465}