{"stats":{"minecraft:dropped":{"minecraft:water_bucket":1,"minecraft:iron_ingot":3,"minecraft:iron_sword":1,"minecraft:wheat_seeds":11,"minecraft:glow_ink_sac":2,"minecraft:tnt":1,"minecraft:cooked_porkchop":2,"minecraft:fletching_table":1,"minecraft:archer_pottery_sherd":1,"betterarcheology:iron_brush":1,"minecraft:stonecutter":1,"minecraft:sugar":2,"minecraft:white_wool":1,"minecraft:bone":1,"minecraft:prize_pottery_sherd":1,"minecraft:stone_axe":3,"alexsmobs:animal_dictionary":1,"minecraft:raw_copper":4,"minecraft:tuff":2,"minecraft:rotten_flesh":13,"sophisticatedbackpacks:backpack":2,"minecraft:rabbit_hide":1,"minecraft:hay_block":1,"minecraft:shield":2,"minecraft:stone_pickaxe":2,"minecraft:wooden_pickaxe":1,"minecraft:black_wool":1,"minecraft:lectern":1},"minecraft:broken":{"minecraft:stone_hoe":1,"minecraft:stone_pickaxe":1,"minecraft:shield":1,"minecraft:iron_pickaxe":3},"minecraft:crafted":{"minecraft:smooth_stone":6,"sophisticatedbackpacks:stack_upgrade_tier_1":1,"minecraft:furnace":6,"minecraft:blast_furnace":2,"sophisticatedbackpacks:stack_upgrade_starter_tier":1,"minecraft:stone":6,"minecraft:bone_meal":9,"sophisticatedbackpacks:crafting_upgrade":1,"minecraft:cooked_mutton":3,"betterarcheology:iron_brush":1,"minecraft:bow":1,"minecraft:iron_boots":1,"minecraft:iron_axe":1,"minecraft:iron_hoe":1,"minecraft:stone_pickaxe":2,"minecraft:chest":2,"minecraft:copper_block":8,"minecraft:spruce_boat":1,"minecraft:stone_hoe":1,"minecraft:cooked_rabbit":3,"minecraft:smoker":2,"sophisticatedbackpacks:iron_backpack":1,"minecraft:wheat":207,"minecraft:cooked_beef":6,"sophisticatedbackpacks:backpack":1,"minecraft:cooked_porkchop":8,"minecraft:crafting_table":3,"minecraft:spruce_planks":104,"minecraft:wooden_pickaxe":1,"minecraft:iron_helmet":1,"minecraft:iron_sword":1,"minecraft:copper_ingot":128,"sophisticatedbackpacks:gold_backpack":1,"minecraft:bucket":1,"minecraft:stone_axe":1,"sophisticatedbackpacks:upgrade_base":3,"minecraft:bread":70,"minecraft:air":0,"minecraft:blue_dye":1,"minecraft:iron_chestplate":1,"minecraft:shield":4,"minecraft:stick":32,"minecraft:iron_ingot":55,"minecraft:iron_pickaxe":4,"minecraft:iron_block":7,"minecraft:iron_leggings":1,"minecraft:gold_ingot":8},"minecraft:used":{"betterarcheology:iron_brush":6,"minecraft:chest":1,"minecraft:spruce_planks":3,"minecraft:shield":63,"minecraft:iron_sword":227,"minecraft:cooked_salmon":3,"minecraft:rotten_flesh":8,"minecraft:stone_hoe":142,"minecraft:dirt":17,"minecraft:tuff":5,"minecraft:iron_hoe":89,"minecraft:spruce_boat":10,"minecraft:iron_axe":106,"minecraft:melon_seeds":3,"minecraft:stone_brick_stairs":1,"minecraft:item_frame":1,"minecraft:bow":5,"minecraft:furnace":10,"tombstone:gift":5,"minecraft:cooked_beef":7,"minecraft:cobbled_deepslate":34,"minecraft:calcite":13,"minecraft:wheat_seeds":10,"minecraft:cooked_mutton":3,"tombstone:scroll_of_knowledge":3,"minecraft:diorite":1,"minecraft:stone_pickaxe":168,"minecraft:wooden_pickaxe":3,"minecraft:golden_apple":1,"minecraft:mossy_cobblestone":1,"minecraft:crafting_table":17,"minecraft:blast_furnace":15,"minecraft:smoker":8,"minecraft:sunflower":1,"minecraft:bread":11,"minecraft:iron_pickaxe":864,"minecraft:gravel":4,"minecraft:stone_axe":10,"minecraft:cobblestone":171,"minecraft:cooked_porkchop":6,"minecraft:cooked_rabbit":3,"minecraft:bucket":1,"minecraft:candle":4,"minecraft:bone_meal":9},"minecraft:killed":{"minecraft:cave_spider":1,"minecraft:witch":1,"alexsmobs:raccoon":4,"minecraft:spider":7,"minecraft:skeleton":16,"minecraft:drowned":2,"minecraft:pig":3,"alexsmobs:grizzly_bear":1,"minecraft:zombie_villager":1,"minecraft:rabbit":3,"minecraft:creeper":8,"minecraft:sheep":2,"minecraft:zombie":25,"alexsmobs:cockroach":1,"alexsmobs:crow":1,"minecraft:cow":3,"minecraft:enderman":2},"minecraft:picked_up":{"minecraft:crafting_table":16,"minecraft:wheat":3,"minecraft:stone_brick_stairs":1,"minecraft:string":26,"minecraft:raw_copper":132,"minecraft:iron_axe":1,"minecraft:cooked_salmon":3,"minecraft:item_frame":1,"minecraft:zombie_head":1,"minecraft:candle":4,"minecraft:cobbled_deepslate":53,"minecraft:spruce_planks":6,"minecraft:beef":6,"minecraft:calcite":13,"minecraft:lectern":1,"minecraft:furnace":8,"minecraft:stick":3,"minecraft:raw_iron":348,"sophisticatedbackpacks:backpack":1,"minecraft:porkchop":8,"tombstone:grave_dust":8,"minecraft:diorite":1,"minecraft:carrot":1,"minecraft:redstone":294,"minecraft:tnt":1,"minecraft:arrow":16,"minecraft:rotten_flesh":28,"minecraft:hay_block":216,"minecraft:iron_block":1,"minecraft:mutton":3,"minecraft:white_wool":1,"minecraft:cobblestone":236,"minecraft:feather":1,"minecraft:glow_ink_sac":2,"minecraft:leather":5,"minecraft:smoker":6,"minecraft:tuff":7,"minecraft:yellow_bed":1,"minecraft:gunpowder":6,"minecraft:lapis_lazuli":216,"minecraft:dirt":17,"minecraft:bone":20,"minecraft:bow":2,"minecraft:stonecutter":1,"minecraft:wheat_seeds":21,"minecraft:raw_gold":24,"minecraft:rabbit_hide":1,"minecraft:stone_pickaxe":1,"minecraft:iron_ingot":27,"minecraft:fletching_table":1,"minecraft:rabbit":3,"minecraft:iron_sword":2,"minecraft:book":18,"minecraft:sweet_berries":81,"minecraft:raw_iron_block":1,"minecraft:gravel":4,"minecraft:prize_pottery_sherd":1,"minecraft:spruce_sapling":2,"minecraft:blast_furnace":15,"minecraft:spruce_log":38,"minecraft:spider_eye":6,"minecraft:mossy_cobblestone":5,"minecraft:archer_pottery_sherd":1,"minecraft:bundle":1,"minecraft:sugar":2,"minecraft:diamond":1,"minecraft:spruce_boat":10,"minecraft:stone_axe":2,"minecraft:emerald":1,"minecraft:black_wool":1,"minecraft:coal":202,"minecraft:sunflower":1},"minecraft:custom":{"minecraft:mob_kills":95,"minecraft:interact_with_crafting_table":41,"minecraft:open_barrel":2,"minecraft:leave_game":3,"minecraft:time_since_death":15283,"minecraft:sprint_one_cm":429959,"minecraft:walk_one_cm":308282,"minecraft:damage_blocked_by_shield":3710,"minecraft:drop":45,"minecraft:play_time":198585,"minecraft:deaths":2,"minecraft:sneak_time":16472,"minecraft:walk_under_water_one_cm":10528,"minecraft:boat_one_cm":98386,"minecraft:jump":3660,"minecraft:interact_with_blast_furnace":42,"minecraft:walk_on_water_one_cm":34259,"minecraft:total_world_time":198585,"minecraft:interact_with_furnace":50,"tombstone:raider_killed":1,"minecraft:sleep_in_bed":1,"minecraft:time_since_rest":14945,"minecraft:damage_taken":2195,"minecraft:damage_dealt":16055,"minecraft:swim_one_cm":36817,"minecraft:fly_one_cm":766627,"minecraft:open_chest":27,"minecraft:crouch_one_cm":32778,"tombstone:undead_killed":44,"minecraft:interact_with_smoker":14,"minecraft:fall_one_cm":86960},"minecraft:mined":{"minecraft:diamond_ore":1,"minecraft:tuff":3,"minecraft:spruce_planks":6,"minecraft:mossy_cobblestone":5,"minecraft:candle":1,"minecraft:grass_block":4,"minecraft:spruce_leaves":21,"minecraft:spawner":1,"minecraft:large_fern":1,"minecraft:hay_block":215,"minecraft:raw_iron_block":1,"minecraft:redstone_ore":36,"minecraft:furnace":8,"minecraft:iron_ore":229,"minecraft:cobbled_deepslate":6,"minecraft:fletching_table":1,"minecraft:deepslate_lapis_ore":10,"minecraft:bookshelf":6,"minecraft:deepslate_iron_ore":118,"minecraft:packed_ice":6,"minecraft:stone":189,"minecraft:podzol":1,"minecraft:deepslate_redstone_ore":29,"minecraft:smoker":6,"minecraft:powder_snow":57,"minecraft:crafting_table":16,"minecraft:blast_furnace":15,"minecraft:emerald_ore":1,"minecraft:calcite":1,"minecraft:lectern":1,"minecraft:tall_grass":5,"minecraft:copper_ore":40,"minecraft:cobblestone":41,"minecraft:lapis_ore":24,"minecraft:deepslate_gold_ore":9,"minecraft:diorite":1,"minecraft:seagrass":1,"minecraft:sweet_berry_bush":70,"minecraft:ice":1,"minecraft:spruce_log":38,"minecraft:yellow_bed":1,"minecraft:stone_brick_stairs":1,"minecraft:grass":74,"minecraft:coal_ore":202,"minecraft:zombie_head":1,"minecraft:gravel":4,"minecraft:cobweb":15,"minecraft:stonecutter":1,"minecraft:gold_ore":15,"minecraft:deepslate":34},"minecraft:killed_by":{"minecraft:enderman":1,"alexsmobs:centipede_head":1}},"DataVersion":3465}