{"stats":{"minecraft:mined":{"minecraft:diamond_ore":1,"minecraft:spruce_planks":40,"minecraft:white_bed":1,"minecraft:oak_sapling":4,"minecraft:deepslate_diamond_ore":12,"minecraft:mangrove_roots":1,"minecraft:acacia_log":1,"minecraft:grass_block":136,"minecraft:decorated_pot":3,"minecraft:spruce_leaves":8,"minecraft:acacia_slab":1,"minecraft:redstone_ore":2,"minecraft:magma_block":15,"minecraft:oak_trapdoor":8,"minecraft:furnace":3,"minecraft:iron_ore":126,"minecraft:deepslate_lapis_ore":1,"minecraft:potatoes":6,"minecraft:deepslate_iron_ore":36,"minecraft:stripped_acacia_log":1,"minecraft:bamboo":6,"minecraft:stone":699,"minecraft:tripwire":3,"minecraft:deepslate_redstone_ore":6,"minecraft:kelp_plant":3,"minecraft:oak_fence":2,"minecraft:crafting_table":1,"minecraft:torch":3,"minecraft:blast_furnace":1,"minecraft:chest":1,"minecraft:tall_grass":1,"minecraft:cobblestone":19,"minecraft:wall_torch":2,"minecraft:skeleton_skull":1,"betterarcheology:fossiliferous_dirt":1,"minecraft:sweet_berry_bush":38,"minecraft:spruce_log":21,"minecraft:grass":90,"minecraft:oak_log":32,"minecraft:coal_ore":122,"minecraft:sand":64,"minecraft:dirt":40,"minecraft:tripwire_hook":2,"minecraft:oak_leaves":33,"minecraft:deepslate":7},"minecraft:killed":{"minecraft:spider":6,"minecraft:skeleton":5,"minecraft:bee":1,"alexsmobs:flying_fish":1,"minecraft:creeper":1,"minecraft:sheep":13,"minecraft:zombie":23,"alexsmobs:cockroach":1,"minecraft:cow":20},"minecraft:broken":{"minecraft:stone_pickaxe":1,"minecraft:iron_axe":1,"minecraft:iron_pickaxe":3},"minecraft:crafted":{"minecraft:oak_planks":200,"minecraft:smooth_stone":3,"minecraft:tripwire_hook":2,"minecraft:furnace":3,"minecraft:blast_furnace":1,"minecraft:stone":13,"minecraft:lever":1,"minecraft:bone_meal":3,"minecraft:cooked_mutton":19,"minecraft:oak_trapdoor":6,"minecraft:hopper":8,"minecraft:glass":64,"minecraft:iron_boots":1,"minecraft:iron_axe":2,"minecraft:stone_pickaxe":1,"minecraft:chest":28,"minecraft:stone_hoe":1,"sophisticatedbackpacks:iron_backpack":1,"minecraft:cooked_beef":44,"sophisticatedbackpacks:backpack":1,"minecraft:crafting_table":3,"minecraft:spruce_planks":64,"minecraft:acacia_slab":12,"minecraft:wooden_pickaxe":1,"minecraft:iron_helmet":1,"tombstone:decorative_grave_simple":1,"minecraft:iron_sword":2,"minecraft:bucket":2,"minecraft:stone_axe":1,"minecraft:air":0,"minecraft:oak_boat":1,"minecraft:iron_chestplate":1,"minecraft:shield":1,"naturescompass:naturescompass":1,"minecraft:stick":40,"minecraft:iron_ingot":59,"minecraft:compass":1,"minecraft:iron_pickaxe":4,"tombstone:dark_marble":3,"minecraft:iron_leggings":1,"minecraft:white_bed":6,"minecraft:composter":1,"minecraft:acacia_planks":148,"minecraft:torch":56,"minecraft:shears":1},"minecraft:used":{"minecraft:oak_trapdoor":14,"minecraft:iron_shovel":227,"minecraft:spruce_planks":82,"minecraft:chest":19,"minecraft:shield":24,"minecraft:iron_sword":161,"minecraft:stone_hoe":82,"minecraft:torch":63,"minecraft:dirt":139,"minecraft:hopper":8,"tombstone:decorative_grave_simple":1,"minecraft:iron_axe":116,"minecraft:acacia_slab":5,"minecraft:bamboo":24,"minecraft:tripwire_hook":2,"minecraft:magma_block":13,"minecraft:oak_sapling":35,"minecraft:sweet_berries":35,"minecraft:furnace":5,"tombstone:gift":7,"minecraft:skeleton_skull":2,"minecraft:egg":1,"minecraft:cooked_beef":10,"minecraft:potato":62,"minecraft:cooked_mutton":19,"minecraft:water_bucket":11,"minecraft:stone_pickaxe":131,"minecraft:wooden_pickaxe":9,"minecraft:composter":1,"minecraft:crafting_table":4,"minecraft:blast_furnace":3,"minecraft:white_bed":7,"minecraft:shears":2,"tombstone:bag_of_seeds":1,"minecraft:lever":2,"minecraft:bread":17,"minecraft:string":4,"minecraft:iron_pickaxe":917,"tombstone:grave_key":1,"minecraft:spruce_sapling":19,"minecraft:stone_axe":50,"minecraft:cobblestone":246,"minecraft:bucket":13,"minecraft:oak_boat":5,"minecraft:pumpkin_pie":1,"alexsmobs:animal_dictionary":1,"minecraft:bone_meal":3},"minecraft:dropped":{"naturescompass:naturescompass":1,"minecraft:wheat_seeds":12,"minecraft:dirt":1,"minecraft:iron_pickaxe":1,"minecraft:stone_axe":1,"minecraft:kelp":8,"minecraft:mangrove_roots":2,"minecraft:rotten_flesh":22,"minecraft:light_gray_wool":1,"minecraft:pumpkin_seeds":2,"minecraft:filled_map":1,"minecraft:beetroot_seeds":2,"minecraft:melon_seeds":3,"minecraft:acacia_slab":1,"minecraft:oak_sapling":33,"minecraft:wooden_pickaxe":1},"minecraft:picked_up":{"minecraft:crafting_table":1,"minecraft:string":11,"minecraft:oak_trapdoor":8,"minecraft:cobbled_deepslate":18,"minecraft:spruce_planks":40,"minecraft:beef":44,"minecraft:oak_boat":4,"minecraft:iron_pickaxe":1,"minecraft:light_gray_wool":1,"minecraft:chest":1,"minecraft:egg":1,"minecraft:furnace":3,"minecraft:stick":37,"minecraft:raw_iron":157,"minecraft:torch":9,"minecraft:acacia_log":37,"tombstone:grave_dust":5,"minecraft:redstone":35,"minecraft:rotten_flesh":22,"minecraft:mangrove_roots":2,"minecraft:mutton":19,"minecraft:skeleton_skull":2,"minecraft:white_wool":12,"minecraft:cobblestone":707,"minecraft:magma_block":15,"minecraft:tripwire_hook":2,"minecraft:leather":21,"minecraft:potato":1,"minecraft:oak_log":150,"minecraft:gunpowder":2,"minecraft:lapis_lazuli":7,"minecraft:dirt":188,"minecraft:bone":4,"minecraft:apple":5,"minecraft:kelp":8,"minecraft:wheat_seeds":13,"minecraft:iron_ingot":41,"tombstone:bag_of_seeds":1,"minecraft:bamboo":24,"minecraft:sweet_berries":80,"minecraft:sand":64,"minecraft:spruce_sapling":17,"minecraft:blast_furnace":2,"minecraft:white_bed":1,"minecraft:spruce_log":172,"minecraft:bundle":1,"minecraft:diamond":13,"minecraft:lever":2,"naturescompass:naturescompass":1,"minecraft:oak_sapling":64,"minecraft:acacia_slab":1,"minecraft:coal":143},"minecraft:killed_by":{"minecraft:creeper":1,"minecraft:skeleton":3},"minecraft:custom":{"minecraft:mob_kills":72,"minecraft:interact_with_crafting_table":43,"minecraft:open_barrel":6,"minecraft:leave_game":3,"minecraft:time_since_death":10922,"minecraft:climb_one_cm":3704,"minecraft:sprint_one_cm":633758,"minecraft:walk_one_cm":541476,"minecraft:damage_blocked_by_shield":1245,"minecraft:drop":39,"minecraft:damage_dealt_absorbed":80,"minecraft:talked_to_villager":8,"minecraft:play_time":232352,"minecraft:deaths":4,"minecraft:sneak_time":13164,"minecraft:walk_under_water_one_cm":53517,"minecraft:boat_one_cm":1005287,"minecraft:jump":4763,"minecraft:interact_with_blast_furnace":19,"minecraft:walk_on_water_one_cm":48733,"minecraft:total_world_time":232352,"minecraft:interact_with_furnace":39,"minecraft:sleep_in_bed":4,"minecraft:time_since_rest":10620,"minecraft:damage_taken":3337,"minecraft:damage_dealt":10064,"minecraft:swim_one_cm":130442,"minecraft:fly_one_cm":988632,"minecraft:open_chest":144,"minecraft:crouch_one_cm":23431,"tombstone:undead_killed":28,"minecraft:fall_one_cm":127330}},"DataVersion":3465}