{"stats":{"minecraft:broken":{"minecraft:stone_pickaxe":1,"minecraft:iron_pickaxe":1},"minecraft:crafted":{"minecraft:smooth_stone":3,"minecraft:oak_planks":60,"minecraft:furnace":3,"minecraft:blast_furnace":1,"minecraft:stone":13,"minecraft:cooked_mutton":19,"minecraft:oak_trapdoor":4,"minecraft:glass":64,"minecraft:iron_boots":1,"minecraft:iron_axe":1,"minecraft:stone_pickaxe":1,"minecraft:chest":17,"minecraft:stone_hoe":1,"sophisticatedbackpacks:iron_backpack":1,"minecraft:cooked_beef":44,"sophisticatedbackpacks:backpack":1,"minecraft:crafting_table":2,"minecraft:acacia_slab":12,"minecraft:wooden_pickaxe":1,"minecraft:iron_helmet":1,"tombstone:decorative_grave_simple":1,"minecraft:iron_sword":1,"minecraft:bucket":1,"minecraft:stone_axe":1,"minecraft:air":0,"minecraft:oak_boat":1,"minecraft:iron_chestplate":1,"minecraft:shield":1,"naturescompass:naturescompass":1,"minecraft:stick":16,"minecraft:iron_ingot":59,"minecraft:compass":1,"minecraft:iron_pickaxe":2,"tombstone:dark_marble":3,"minecraft:iron_leggings":1,"minecraft:white_bed":5,"minecraft:composter":1,"minecraft:acacia_planks":148,"minecraft:torch":40},"minecraft:used":{"minecraft:oak_trapdoor":6,"minecraft:iron_shovel":212,"minecraft:chest":17,"minecraft:iron_sword":114,"minecraft:stone_hoe":82,"minecraft:torch":21,"minecraft:dirt":104,"tombstone:decorative_grave_simple":1,"minecraft:iron_axe":43,"minecraft:acacia_slab":5,"minecraft:bamboo":24,"minecraft:magma_block":13,"minecraft:oak_sapling":35,"minecraft:sweet_berries":35,"minecraft:furnace":5,"tombstone:gift":4,"minecraft:skeleton_skull":1,"minecraft:egg":1,"minecraft:cooked_beef":10,"minecraft:potato":62,"minecraft:cooked_mutton":16,"minecraft:water_bucket":3,"minecraft:stone_pickaxe":131,"minecraft:wooden_pickaxe":9,"minecraft:composter":1,"minecraft:crafting_table":3,"minecraft:blast_furnace":2,"minecraft:white_bed":6,"tombstone:bag_of_seeds":1,"minecraft:bread":7,"minecraft:iron_pickaxe":461,"minecraft:spruce_sapling":7,"minecraft:stone_axe":50,"minecraft:cobblestone":214,"minecraft:bucket":3,"minecraft:oak_boat":5,"minecraft:pumpkin_pie":1,"alexsmobs:animal_dictionary":1},"minecraft:custom":{"minecraft:mob_kills":58,"minecraft:interact_with_crafting_table":31,"minecraft:open_barrel":6,"minecraft:leave_game":2,"minecraft:time_since_death":145323,"minecraft:climb_one_cm":3704,"minecraft:sprint_one_cm":462166,"minecraft:walk_one_cm":356862,"minecraft:drop":37,"minecraft:damage_dealt_absorbed":80,"minecraft:talked_to_villager":8,"minecraft:play_time":181797,"minecraft:deaths":1,"minecraft:sneak_time":11385,"minecraft:walk_under_water_one_cm":51228,"minecraft:boat_one_cm":1005287,"minecraft:jump":3453,"minecraft:interact_with_blast_furnace":16,"minecraft:walk_on_water_one_cm":38885,"minecraft:total_world_time":181797,"minecraft:interact_with_furnace":34,"minecraft:sleep_in_bed":3,"minecraft:time_since_rest":13560,"minecraft:damage_taken":2074,"minecraft:damage_dealt":7210,"minecraft:swim_one_cm":125498,"minecraft:fly_one_cm":807897,"minecraft:open_chest":101,"minecraft:crouch_one_cm":19374,"tombstone:undead_killed":16,"minecraft:fall_one_cm":99162},"minecraft:dropped":{"naturescompass:naturescompass":1,"minecraft:wheat_seeds":9,"minecraft:dirt":1,"minecraft:iron_pickaxe":1,"minecraft:stone_axe":1,"minecraft:kelp":8,"minecraft:mangrove_roots":2,"minecraft:rotten_flesh":9,"minecraft:light_gray_wool":1,"minecraft:pumpkin_seeds":2,"minecraft:filled_map":1,"minecraft:beetroot_seeds":2,"minecraft:melon_seeds":3,"minecraft:acacia_slab":1,"minecraft:oak_sapling":33,"minecraft:wooden_pickaxe":1},"minecraft:killed_by":{"minecraft:skeleton":1},"minecraft:killed":{"minecraft:spider":4,"minecraft:skeleton":2,"minecraft:bee":1,"alexsmobs:flying_fish":1,"minecraft:creeper":1,"minecraft:sheep":13,"alexsmobs:cockroach":1,"minecraft:zombie":14,"minecraft:cow":20},"minecraft:picked_up":{"minecraft:crafting_table":1,"minecraft:string":6,"minecraft:oak_trapdoor":2,"minecraft:cobbled_deepslate":1,"minecraft:beef":44,"minecraft:oak_boat":4,"minecraft:iron_pickaxe":1,"minecraft:light_gray_wool":1,"minecraft:chest":1,"minecraft:egg":1,"minecraft:furnace":3,"minecraft:raw_iron":79,"minecraft:stick":37,"minecraft:torch":7,"minecraft:acacia_log":37,"tombstone:grave_dust":4,"minecraft:rotten_flesh":19,"minecraft:mangrove_roots":2,"minecraft:mutton":19,"minecraft:skeleton_skull":1,"minecraft:white_wool":12,"minecraft:cobblestone":423,"minecraft:magma_block":15,"minecraft:leather":21,"minecraft:potato":1,"minecraft:oak_log":150,"minecraft:gunpowder":2,"minecraft:dirt":158,"minecraft:bone":1,"minecraft:apple":5,"minecraft:kelp":8,"minecraft:wheat_seeds":10,"minecraft:iron_ingot":16,"tombstone:bag_of_seeds":1,"minecraft:bamboo":24,"minecraft:sweet_berries":80,"minecraft:sand":64,"minecraft:spruce_sapling":5,"minecraft:blast_furnace":1,"minecraft:white_bed":1,"minecraft:spruce_log":16,"minecraft:bundle":1,"minecraft:diamond":1,"naturescompass:naturescompass":1,"minecraft:oak_sapling":64,"minecraft:acacia_slab":1,"minecraft:coal":88},"minecraft:mined":{"minecraft:diamond_ore":1,"minecraft:white_bed":1,"minecraft:oak_sapling":4,"minecraft:mangrove_roots":1,"minecraft:acacia_log":1,"minecraft:grass_block":130,"minecraft:decorated_pot":3,"minecraft:spruce_leaves":1,"minecraft:acacia_slab":1,"minecraft:magma_block":15,"minecraft:oak_trapdoor":2,"minecraft:furnace":3,"minecraft:iron_ore":70,"minecraft:deepslate_iron_ore":11,"minecraft:stripped_acacia_log":1,"minecraft:bamboo":6,"minecraft:stone":410,"minecraft:kelp_plant":3,"minecraft:oak_fence":2,"minecraft:crafting_table":1,"minecraft:torch":2,"minecraft:blast_furnace":1,"minecraft:chest":1,"minecraft:tall_grass":1,"minecraft:cobblestone":13,"minecraft:wall_torch":1,"minecraft:skeleton_skull":1,"betterarcheology:fossiliferous_dirt":1,"minecraft:sweet_berry_bush":38,"minecraft:grass":81,"minecraft:coal_ore":69,"minecraft:oak_log":32,"minecraft:dirt":29,"minecraft:sand":64,"minecraft:oak_leaves":33,"minecraft:deepslate":1}},"DataVersion":3465}