{"stats":{"minecraft:used":{"minecraft:cooked_mutton":5,"minecraft:iron_shovel":39,"minecraft:stone_pickaxe":131,"minecraft:chest":17,"minecraft:wooden_pickaxe":9,"minecraft:iron_sword":53,"minecraft:torch":3,"minecraft:dirt":19,"minecraft:crafting_table":3,"minecraft:blast_furnace":2,"minecraft:white_bed":2,"minecraft:iron_axe":24,"minecraft:bread":7,"minecraft:iron_pickaxe":133,"minecraft:spruce_sapling":2,"minecraft:bamboo":24,"minecraft:stone_axe":50,"minecraft:magma_block":13,"minecraft:cobblestone":2,"minecraft:furnace":5,"minecraft:sweet_berries":35,"minecraft:oak_sapling":22,"alexsmobs:animal_dictionary":1,"minecraft:bucket":1,"tombstone:gift":2,"minecraft:pumpkin_pie":1,"minecraft:oak_boat":5,"minecraft:cooked_beef":10},"minecraft:crafted":{"minecraft:cooked_beef":10,"minecraft:oak_planks":56,"minecraft:smooth_stone":3,"minecraft:crafting_table":2,"minecraft:wooden_pickaxe":1,"minecraft:iron_helmet":1,"minecraft:iron_sword":1,"minecraft:furnace":3,"minecraft:blast_furnace":1,"minecraft:stone":3,"minecraft:bucket":1,"minecraft:stone_axe":1,"minecraft:cooked_mutton":5,"minecraft:air":0,"minecraft:oak_boat":1,"minecraft:iron_boots":1,"minecraft:iron_chestplate":1,"minecraft:shield":1,"minecraft:iron_axe":1,"naturescompass:naturescompass":1,"minecraft:stick":12,"minecraft:iron_ingot":59,"minecraft:compass":1,"minecraft:iron_pickaxe":2,"minecraft:stone_pickaxe":1,"minecraft:chest":16,"minecraft:iron_leggings":1,"minecraft:white_bed":1,"minecraft:acacia_planks":148,"minecraft:torch":4},"minecraft:broken":{"minecraft:stone_pickaxe":1},"minecraft:custom":{"minecraft:interact_with_furnace":20,"minecraft:mob_kills":39,"minecraft:interact_with_crafting_table":19,"minecraft:open_barrel":6,"minecraft:leave_game":2,"minecraft:time_since_death":91323,"minecraft:sleep_in_bed":1,"minecraft:climb_one_cm":3704,"minecraft:time_since_rest":140,"minecraft:sprint_one_cm":319585,"minecraft:damage_taken":1531,"minecraft:walk_one_cm":202659,"minecraft:drop":18,"minecraft:damage_dealt":4099,"minecraft:swim_one_cm":116041,"minecraft:talked_to_villager":3,"minecraft:fly_one_cm":587128,"minecraft:open_chest":46,"minecraft:crouch_one_cm":3444,"minecraft:play_time":127797,"tombstone:undead_killed":2,"minecraft:deaths":1,"minecraft:sneak_time":6785,"minecraft:walk_under_water_one_cm":37051,"minecraft:boat_one_cm":981006,"minecraft:jump":2515,"minecraft:interact_with_blast_furnace":10,"minecraft:walk_on_water_one_cm":23190,"minecraft:total_world_time":127797,"minecraft:fall_one_cm":79661},"minecraft:dropped":{"naturescompass:naturescompass":1,"minecraft:stone_axe":1,"minecraft:kelp":8,"minecraft:wheat_seeds":6,"minecraft:mangrove_roots":2,"minecraft:light_gray_wool":1,"minecraft:filled_map":1,"minecraft:dirt":1,"minecraft:oak_sapling":2,"minecraft:wooden_pickaxe":1,"minecraft:iron_pickaxe":1},"minecraft:killed_by":{"minecraft:skeleton":1},"minecraft:killed":{"minecraft:spider":1,"minecraft:skeleton":2,"minecraft:sheep":13,"alexsmobs:cockroach":1,"minecraft:bee":1,"alexsmobs:flying_fish":1,"minecraft:cow":20},"minecraft:picked_up":{"minecraft:crafting_table":1,"minecraft:magma_block":15,"minecraft:leather":21,"minecraft:oak_log":91,"minecraft:dirt":49,"minecraft:string":2,"minecraft:kelp":8,"minecraft:wheat_seeds":7,"minecraft:iron_ingot":16,"minecraft:beef":44,"minecraft:oak_boat":4,"minecraft:iron_pickaxe":1,"minecraft:light_gray_wool":1,"minecraft:bamboo":24,"minecraft:chest":1,"minecraft:furnace":3,"minecraft:stick":9,"minecraft:raw_iron":75,"minecraft:sweet_berries":80,"minecraft:torch":4,"minecraft:acacia_log":37,"minecraft:blast_furnace":1,"minecraft:white_bed":1,"minecraft:diamond":1,"naturescompass:naturescompass":1,"minecraft:mangrove_roots":2,"minecraft:oak_sapling":19,"minecraft:mutton":19,"minecraft:coal":55,"minecraft:skeleton_skull":1,"minecraft:white_wool":12,"minecraft:cobblestone":134},"minecraft:mined":{"minecraft:diamond_ore":1,"minecraft:white_bed":1,"minecraft:oak_sapling":3,"minecraft:kelp_plant":3,"minecraft:mangrove_roots":1,"minecraft:oak_fence":2,"minecraft:crafting_table":1,"minecraft:torch":1,"minecraft:acacia_log":1,"minecraft:blast_furnace":1,"minecraft:grass_block":36,"minecraft:decorated_pot":3,"minecraft:chest":1,"minecraft:tall_grass":1,"minecraft:spruce_leaves":1,"minecraft:skeleton_skull":1,"minecraft:magma_block":15,"betterarcheology:fossiliferous_dirt":1,"minecraft:furnace":3,"minecraft:iron_ore":68,"minecraft:sweet_berry_bush":38,"minecraft:grass":78,"minecraft:oak_log":32,"minecraft:coal_ore":35,"minecraft:deepslate_iron_ore":9,"minecraft:dirt":14,"minecraft:stripped_acacia_log":1,"minecraft:bamboo":6,"minecraft:stone":134,"minecraft:oak_leaves":11}},"DataVersion":3465}