{"stats":{"minecraft:used":{"minecraft:cooked_mutton":5,"minecraft:iron_shovel":1,"minecraft:stone_pickaxe":131,"minecraft:wooden_pickaxe":9,"minecraft:iron_sword":38,"minecraft:torch":3,"minecraft:dirt":13,"minecraft:crafting_table":2,"minecraft:blast_furnace":1,"minecraft:white_bed":1,"minecraft:iron_pickaxe":121,"minecraft:stone_axe":50,"minecraft:magma_block":13,"minecraft:sweet_berries":35,"minecraft:oak_sapling":7,"minecraft:furnace":3,"tombstone:gift":2,"minecraft:oak_boat":2,"minecraft:cooked_beef":8},"minecraft:crafted":{"minecraft:cooked_beef":10,"minecraft:smooth_stone":3,"minecraft:oak_planks":56,"minecraft:crafting_table":1,"minecraft:wooden_pickaxe":1,"minecraft:iron_helmet":1,"minecraft:iron_sword":1,"minecraft:furnace":3,"minecraft:blast_furnace":1,"minecraft:stone":3,"minecraft:bucket":1,"minecraft:stone_axe":1,"minecraft:cooked_mutton":5,"minecraft:air":0,"minecraft:oak_boat":1,"minecraft:iron_chestplate":1,"minecraft:iron_boots":1,"minecraft:shield":1,"minecraft:iron_axe":1,"naturescompass:naturescompass":1,"minecraft:stick":12,"minecraft:iron_ingot":45,"minecraft:compass":1,"minecraft:iron_pickaxe":2,"minecraft:stone_pickaxe":1,"minecraft:iron_leggings":1,"minecraft:white_bed":1,"minecraft:torch":4},"minecraft:broken":{"minecraft:stone_pickaxe":1},"minecraft:custom":{"minecraft:interact_with_furnace":18,"minecraft:mob_kills":30,"minecraft:interact_with_crafting_table":17,"minecraft:open_barrel":3,"minecraft:leave_game":1,"minecraft:time_since_death":43324,"minecraft:climb_one_cm":1164,"minecraft:time_since_rest":41948,"minecraft:sprint_one_cm":218362,"minecraft:damage_taken":1197,"minecraft:walk_one_cm":128553,"minecraft:drop":10,"minecraft:damage_dealt":2977,"minecraft:talked_to_villager":1,"minecraft:swim_one_cm":101029,"minecraft:fly_one_cm":424414,"minecraft:open_chest":31,"minecraft:crouch_one_cm":1444,"minecraft:play_time":79798,"minecraft:deaths":1,"minecraft:sneak_time":5850,"minecraft:walk_under_water_one_cm":23746,"minecraft:boat_one_cm":38745,"minecraft:jump":1774,"minecraft:interact_with_blast_furnace":7,"minecraft:walk_on_water_one_cm":14338,"minecraft:total_world_time":79798,"minecraft:fall_one_cm":56932},"minecraft:dropped":{"minecraft:stone_axe":1,"minecraft:wheat_seeds":3,"minecraft:mangrove_roots":2,"minecraft:light_gray_wool":1,"minecraft:dirt":1,"minecraft:wooden_pickaxe":1,"minecraft:iron_pickaxe":1},"minecraft:killed_by":{"minecraft:skeleton":1},"minecraft:killed":{"minecraft:spider":1,"minecraft:sheep":11,"alexsmobs:cockroach":1,"minecraft:bee":1,"minecraft:cow":16},"minecraft:picked_up":{"minecraft:crafting_table":1,"minecraft:magma_block":15,"minecraft:leather":17,"minecraft:oak_log":47,"minecraft:dirt":14,"minecraft:string":2,"minecraft:wheat_seeds":4,"minecraft:iron_ingot":16,"minecraft:beef":34,"minecraft:oak_boat":2,"minecraft:iron_pickaxe":1,"minecraft:light_gray_wool":1,"minecraft:furnace":3,"minecraft:stick":7,"minecraft:raw_iron":71,"minecraft:sweet_berries":80,"minecraft:torch":2,"minecraft:blast_furnace":1,"minecraft:white_bed":1,"minecraft:diamond":1,"minecraft:mangrove_roots":2,"minecraft:oak_sapling":15,"minecraft:mutton":17,"minecraft:coal":55,"minecraft:skeleton_skull":1,"minecraft:white_wool":10,"minecraft:cobblestone":126},"minecraft:mined":{"minecraft:diamond_ore":1,"minecraft:white_bed":1,"minecraft:mangrove_roots":1,"minecraft:crafting_table":1,"minecraft:torch":1,"minecraft:blast_furnace":1,"minecraft:grass_block":7,"minecraft:spruce_leaves":1,"minecraft:skeleton_skull":1,"minecraft:magma_block":15,"betterarcheology:fossiliferous_dirt":1,"minecraft:furnace":3,"minecraft:iron_ore":64,"minecraft:sweet_berry_bush":38,"minecraft:grass":64,"minecraft:coal_ore":35,"minecraft:oak_log":30,"minecraft:deepslate_iron_ore":9,"minecraft:dirt":7,"minecraft:stone":126,"minecraft:oak_leaves":10}},"DataVersion":3465}