{"stats":{"minecraft:used":{"minecraft:cooked_mutton":5,"minecraft:iron_shovel":1,"minecraft:stone_pickaxe":131,"minecraft:wooden_pickaxe":9,"minecraft:iron_sword":40,"minecraft:torch":3,"minecraft:dirt":13,"minecraft:crafting_table":2,"minecraft:blast_furnace":1,"minecraft:white_bed":1,"minecraft:iron_axe":18,"minecraft:bread":3,"minecraft:iron_pickaxe":133,"minecraft:stone_axe":50,"minecraft:cobblestone":2,"minecraft:magma_block":13,"minecraft:sweet_berries":35,"minecraft:oak_sapling":7,"minecraft:furnace":3,"minecraft:pumpkin_pie":1,"tombstone:gift":2,"minecraft:oak_boat":5,"minecraft:cooked_beef":10},"minecraft:crafted":{"minecraft:cooked_beef":10,"minecraft:smooth_stone":3,"minecraft:oak_planks":56,"minecraft:crafting_table":1,"minecraft:wooden_pickaxe":1,"minecraft:iron_helmet":1,"minecraft:iron_sword":1,"minecraft:furnace":3,"minecraft:blast_furnace":1,"minecraft:stone":3,"minecraft:bucket":1,"minecraft:stone_axe":1,"minecraft:cooked_mutton":5,"minecraft:air":0,"minecraft:oak_boat":1,"minecraft:iron_chestplate":1,"minecraft:iron_boots":1,"minecraft:shield":1,"minecraft:iron_axe":1,"naturescompass:naturescompass":1,"minecraft:stick":12,"minecraft:iron_ingot":45,"minecraft:compass":1,"minecraft:iron_pickaxe":2,"minecraft:stone_pickaxe":1,"minecraft:iron_leggings":1,"minecraft:white_bed":1,"minecraft:torch":4},"minecraft:broken":{"minecraft:stone_pickaxe":1},"minecraft:custom":{"minecraft:interact_with_furnace":18,"minecraft:mob_kills":36,"minecraft:interact_with_crafting_table":17,"minecraft:open_barrel":3,"minecraft:leave_game":2,"minecraft:time_since_death":65797,"minecraft:climb_one_cm":3704,"minecraft:time_since_rest":64421,"minecraft:sprint_one_cm":289951,"minecraft:damage_taken":1317,"minecraft:walk_one_cm":163219,"minecraft:drop":10,"minecraft:damage_dealt":3537,"minecraft:talked_to_villager":3,"minecraft:swim_one_cm":109239,"minecraft:fly_one_cm":538492,"minecraft:open_chest":34,"minecraft:crouch_one_cm":2042,"minecraft:play_time":102271,"minecraft:deaths":1,"minecraft:sneak_time":6330,"minecraft:walk_under_water_one_cm":27739,"minecraft:boat_one_cm":396138,"minecraft:jump":2276,"minecraft:interact_with_blast_furnace":7,"minecraft:walk_on_water_one_cm":18477,"minecraft:total_world_time":102271,"minecraft:fall_one_cm":72995},"minecraft:dropped":{"minecraft:stone_axe":1,"minecraft:wheat_seeds":3,"minecraft:mangrove_roots":2,"minecraft:light_gray_wool":1,"minecraft:dirt":1,"minecraft:wooden_pickaxe":1,"minecraft:iron_pickaxe":1},"minecraft:killed_by":{"minecraft:skeleton":1},"minecraft:killed":{"minecraft:spider":1,"minecraft:sheep":13,"alexsmobs:cockroach":1,"minecraft:bee":1,"minecraft:cow":20},"minecraft:picked_up":{"minecraft:crafting_table":1,"minecraft:magma_block":15,"minecraft:leather":21,"minecraft:oak_log":78,"minecraft:dirt":14,"minecraft:string":2,"minecraft:kelp":8,"minecraft:wheat_seeds":4,"minecraft:iron_ingot":16,"minecraft:beef":44,"minecraft:oak_boat":4,"minecraft:iron_pickaxe":1,"minecraft:light_gray_wool":1,"minecraft:bamboo":24,"minecraft:furnace":3,"minecraft:stick":7,"minecraft:raw_iron":75,"minecraft:sweet_berries":80,"minecraft:torch":4,"minecraft:acacia_log":37,"minecraft:blast_furnace":1,"minecraft:white_bed":1,"minecraft:diamond":1,"minecraft:mangrove_roots":2,"minecraft:oak_sapling":15,"minecraft:mutton":19,"minecraft:coal":55,"minecraft:skeleton_skull":1,"minecraft:white_wool":12,"minecraft:cobblestone":134},"minecraft:mined":{"minecraft:diamond_ore":1,"minecraft:white_bed":1,"minecraft:kelp_plant":3,"minecraft:mangrove_roots":1,"minecraft:crafting_table":1,"minecraft:torch":1,"minecraft:acacia_log":1,"minecraft:blast_furnace":1,"minecraft:grass_block":7,"minecraft:spruce_leaves":1,"minecraft:skeleton_skull":1,"minecraft:magma_block":15,"betterarcheology:fossiliferous_dirt":1,"minecraft:furnace":3,"minecraft:iron_ore":68,"minecraft:sweet_berry_bush":38,"minecraft:grass":64,"minecraft:coal_ore":35,"minecraft:oak_log":32,"minecraft:deepslate_iron_ore":9,"minecraft:stripped_acacia_log":1,"minecraft:dirt":7,"minecraft:bamboo":6,"minecraft:stone":134,"minecraft:oak_leaves":11}},"DataVersion":3465}