{"stats":{"minecraft:used":{"minecraft:stone_pickaxe":131,"minecraft:iron_pickaxe":62,"minecraft:wooden_pickaxe":9,"minecraft:stone_axe":13,"minecraft:dirt":8,"minecraft:magma_block":6,"minecraft:sweet_berries":35,"minecraft:crafting_table":1,"minecraft:furnace":3,"minecraft:oak_sapling":7,"minecraft:white_bed":1,"minecraft:cooked_beef":4},"minecraft:crafted":{"minecraft:cooked_beef":10,"minecraft:oak_planks":56,"naturescompass:naturescompass":1,"minecraft:crafting_table":1,"minecraft:stick":8,"minecraft:wooden_pickaxe":1,"minecraft:iron_ingot":5,"minecraft:iron_pickaxe":1,"minecraft:compass":1,"minecraft:stone_pickaxe":1,"minecraft:furnace":3,"minecraft:white_bed":1,"minecraft:torch":4,"minecraft:stone_axe":1,"minecraft:air":0,"minecraft:cooked_mutton":5},"minecraft:broken":{"minecraft:stone_pickaxe":1},"minecraft:custom":{"minecraft:time_since_rest":31798,"minecraft:interact_with_furnace":10,"minecraft:sprint_one_cm":62434,"minecraft:damage_taken":460,"minecraft:walk_one_cm":51229,"minecraft:mob_kills":9,"minecraft:drop":3,"minecraft:damage_dealt":860,"minecraft:swim_one_cm":40383,"minecraft:interact_with_crafting_table":8,"minecraft:fly_one_cm":127551,"minecraft:open_chest":11,"minecraft:play_time":31798,"minecraft:crouch_one_cm":418,"minecraft:sneak_time":3572,"minecraft:walk_under_water_one_cm":16177,"minecraft:jump":553,"minecraft:leave_game":1,"minecraft:time_since_death":31798,"minecraft:walk_on_water_one_cm":7566,"minecraft:total_world_time":31798,"minecraft:fall_one_cm":15429},"minecraft:dropped":{"minecraft:wheat_seeds":1,"minecraft:mangrove_roots":2},"minecraft:killed":{"minecraft:sheep":4,"minecraft:spider":1,"minecraft:cow":4},"minecraft:picked_up":{"minecraft:magma_block":11,"minecraft:stick":5,"minecraft:raw_iron":44,"minecraft:sweet_berries":44,"minecraft:leather":6,"minecraft:oak_log":14,"minecraft:string":2,"minecraft:dirt":8,"minecraft:diamond":1,"minecraft:wheat_seeds":1,"minecraft:beef":10,"minecraft:mangrove_roots":2,"minecraft:light_gray_wool":1,"minecraft:oak_sapling":7,"minecraft:mutton":5,"minecraft:coal":20,"minecraft:white_wool":3,"minecraft:cobblestone":117},"minecraft:mined":{"minecraft:diamond_ore":1,"minecraft:magma_block":11,"minecraft:iron_ore":42,"minecraft:sweet_berry_bush":23,"minecraft:mangrove_roots":1,"minecraft:grass":40,"minecraft:oak_log":14,"minecraft:grass_block":3,"minecraft:coal_ore":20,"minecraft:deepslate_iron_ore":5,"minecraft:dirt":5,"minecraft:spruce_leaves":1,"minecraft:stone":117,"minecraft:oak_leaves":6}},"DataVersion":3465}