{"stats":{"minecraft:used":{"minecraft:cooked_mutton":1,"minecraft:stone_pickaxe":131,"minecraft:wooden_pickaxe":9,"minecraft:torch":3,"minecraft:dirt":9,"minecraft:crafting_table":1,"minecraft:blast_furnace":1,"minecraft:white_bed":1,"minecraft:iron_pickaxe":105,"minecraft:stone_axe":50,"minecraft:magma_block":13,"minecraft:sweet_berries":35,"minecraft:oak_sapling":7,"minecraft:furnace":3,"tombstone:gift":2,"minecraft:cooked_beef":6},"minecraft:crafted":{"minecraft:cooked_beef":10,"minecraft:smooth_stone":3,"minecraft:oak_planks":56,"minecraft:crafting_table":1,"minecraft:wooden_pickaxe":1,"minecraft:iron_helmet":1,"minecraft:iron_sword":1,"minecraft:furnace":3,"minecraft:blast_furnace":1,"minecraft:stone":3,"minecraft:bucket":1,"minecraft:stone_axe":1,"minecraft:cooked_mutton":5,"minecraft:air":0,"minecraft:iron_chestplate":1,"minecraft:iron_boots":1,"minecraft:shield":1,"minecraft:iron_axe":1,"naturescompass:naturescompass":1,"minecraft:stick":12,"minecraft:iron_ingot":45,"minecraft:compass":1,"minecraft:iron_pickaxe":2,"minecraft:stone_pickaxe":1,"minecraft:iron_leggings":1,"minecraft:white_bed":1,"minecraft:torch":4},"minecraft:broken":{"minecraft:stone_pickaxe":1},"minecraft:custom":{"minecraft:interact_with_furnace":17,"minecraft:mob_kills":16,"minecraft:interact_with_crafting_table":14,"minecraft:leave_game":1,"minecraft:time_since_death":19324,"minecraft:time_since_rest":17948,"minecraft:sprint_one_cm":94103,"minecraft:damage_taken":1027,"minecraft:walk_one_cm":74849,"minecraft:drop":4,"minecraft:damage_dealt":1657,"minecraft:swim_one_cm":90622,"minecraft:fly_one_cm":165295,"minecraft:open_chest":12,"minecraft:crouch_one_cm":627,"minecraft:play_time":55798,"minecraft:deaths":1,"minecraft:sneak_time":5653,"minecraft:walk_under_water_one_cm":23235,"minecraft:jump":776,"minecraft:interact_with_blast_furnace":7,"minecraft:walk_on_water_one_cm":12682,"minecraft:total_world_time":55798,"minecraft:fall_one_cm":18955},"minecraft:dropped":{"minecraft:wheat_seeds":1,"minecraft:mangrove_roots":2,"minecraft:iron_pickaxe":1},"minecraft:killed_by":{"minecraft:skeleton":1},"minecraft:killed":{"minecraft:spider":1,"minecraft:sheep":7,"alexsmobs:cockroach":1,"minecraft:bee":1,"minecraft:cow":6},"minecraft:picked_up":{"minecraft:crafting_table":1,"minecraft:magma_block":15,"minecraft:leather":8,"minecraft:oak_log":47,"minecraft:dirt":9,"minecraft:string":2,"minecraft:wheat_seeds":1,"minecraft:iron_ingot":16,"minecraft:beef":14,"minecraft:iron_pickaxe":1,"minecraft:light_gray_wool":1,"minecraft:furnace":3,"minecraft:stick":7,"minecraft:raw_iron":61,"minecraft:sweet_berries":80,"minecraft:torch":2,"minecraft:blast_furnace":1,"minecraft:white_bed":1,"minecraft:diamond":1,"minecraft:mangrove_roots":2,"minecraft:oak_sapling":15,"minecraft:mutton":11,"minecraft:coal":55,"minecraft:skeleton_skull":1,"minecraft:white_wool":6,"minecraft:cobblestone":120},"minecraft:mined":{"minecraft:diamond_ore":1,"minecraft:white_bed":1,"minecraft:mangrove_roots":1,"minecraft:crafting_table":1,"minecraft:torch":1,"minecraft:blast_furnace":1,"minecraft:grass_block":3,"minecraft:spruce_leaves":1,"minecraft:skeleton_skull":1,"minecraft:magma_block":15,"minecraft:furnace":3,"minecraft:iron_ore":54,"minecraft:sweet_berry_bush":38,"minecraft:grass":40,"minecraft:coal_ore":35,"minecraft:oak_log":30,"minecraft:deepslate_iron_ore":9,"minecraft:dirt":6,"minecraft:stone":120,"minecraft:oak_leaves":10}},"DataVersion":3465}