{"stats":{"minecraft:used":{"minecraft:stone_pickaxe":131,"minecraft:iron_pickaxe":10,"minecraft:wooden_pickaxe":9,"minecraft:stone_axe":10,"minecraft:dirt":6,"minecraft:sweet_berries":35,"minecraft:crafting_table":1,"minecraft:furnace":3,"minecraft:oak_sapling":7,"minecraft:white_bed":1,"minecraft:cooked_beef":2},"minecraft:picked_up":{"minecraft:stick":5,"minecraft:raw_iron":11,"minecraft:sweet_berries":44,"minecraft:leather":6,"minecraft:oak_log":14,"minecraft:dirt":8,"minecraft:wheat_seeds":1,"minecraft:beef":10,"minecraft:mangrove_roots":2,"minecraft:light_gray_wool":1,"minecraft:oak_sapling":7,"minecraft:mutton":5,"minecraft:coal":20,"minecraft:white_wool":3,"minecraft:cobblestone":113},"minecraft:broken":{"minecraft:stone_pickaxe":1},"minecraft:mined":{"minecraft:iron_ore":11,"minecraft:sweet_berry_bush":23,"minecraft:mangrove_roots":1,"minecraft:grass":40,"minecraft:coal_ore":20,"minecraft:grass_block":3,"minecraft:oak_log":14,"minecraft:dirt":5,"minecraft:spruce_leaves":1,"minecraft:stone":113,"minecraft:oak_leaves":6},"minecraft:killed":{"minecraft:sheep":4,"minecraft:cow":4},"minecraft:custom":{"minecraft:time_since_rest":24702,"minecraft:interact_with_furnace":10,"minecraft:sprint_one_cm":62363,"minecraft:damage_taken":220,"minecraft:walk_one_cm":50238,"minecraft:mob_kills":8,"minecraft:drop":3,"minecraft:damage_dealt":720,"minecraft:interact_with_crafting_table":8,"minecraft:swim_one_cm":13579,"minecraft:fly_one_cm":127224,"minecraft:open_chest":11,"minecraft:crouch_one_cm":418,"minecraft:play_time":24702,"minecraft:sneak_time":261,"minecraft:walk_under_water_one_cm":1721,"minecraft:jump":525,"minecraft:walk_on_water_one_cm":4473,"minecraft:time_since_death":24702,"minecraft:total_world_time":24702,"minecraft:fall_one_cm":15429},"minecraft:dropped":{"minecraft:wheat_seeds":1,"minecraft:mangrove_roots":2},"minecraft:crafted":{"minecraft:cooked_beef":10,"minecraft:oak_planks":56,"naturescompass:naturescompass":1,"minecraft:crafting_table":1,"minecraft:stick":8,"minecraft:iron_pickaxe":1,"minecraft:iron_ingot":5,"minecraft:wooden_pickaxe":1,"minecraft:compass":1,"minecraft:stone_pickaxe":1,"minecraft:furnace":3,"minecraft:white_bed":1,"minecraft:torch":4,"minecraft:stone_axe":1,"minecraft:cooked_mutton":5,"minecraft:air":0}},"DataVersion":3465}