{"stats":{"minecraft:used":{"minecraft:stone_pickaxe":40,"minecraft:wooden_pickaxe":9,"minecraft:stone_axe":10,"minecraft:dirt":3,"minecraft:sweet_berries":35,"minecraft:crafting_table":1,"minecraft:oak_sapling":7},"minecraft:picked_up":{"minecraft:stick":5,"minecraft:sweet_berries":44,"minecraft:leather":6,"minecraft:oak_log":14,"minecraft:dirt":8,"minecraft:wheat_seeds":1,"minecraft:beef":10,"minecraft:mangrove_roots":2,"minecraft:light_gray_wool":1,"minecraft:oak_sapling":7,"minecraft:mutton":5,"minecraft:coal":14,"minecraft:white_wool":3,"minecraft:cobblestone":28},"minecraft:mined":{"minecraft:sweet_berry_bush":23,"minecraft:mangrove_roots":1,"minecraft:grass":38,"minecraft:coal_ore":15,"minecraft:grass_block":3,"minecraft:oak_log":14,"minecraft:dirt":5,"minecraft:spruce_leaves":1,"minecraft:stone":28,"minecraft:oak_leaves":6},"minecraft:killed":{"minecraft:sheep":4,"minecraft:cow":4},"minecraft:custom":{"minecraft:time_since_rest":18702,"minecraft:sprint_one_cm":60746,"minecraft:damage_taken":220,"minecraft:walk_one_cm":33327,"minecraft:mob_kills":8,"minecraft:drop":3,"minecraft:damage_dealt":720,"minecraft:interact_with_crafting_table":6,"minecraft:swim_one_cm":11147,"minecraft:fly_one_cm":126994,"minecraft:open_chest":11,"minecraft:crouch_one_cm":418,"minecraft:play_time":18702,"minecraft:sneak_time":240,"minecraft:walk_under_water_one_cm":615,"minecraft:jump":443,"minecraft:walk_on_water_one_cm":2263,"minecraft:time_since_death":18702,"minecraft:total_world_time":18702,"minecraft:fall_one_cm":15429},"minecraft:dropped":{"minecraft:wheat_seeds":1,"minecraft:mangrove_roots":2},"minecraft:crafted":{"minecraft:oak_planks":56,"naturescompass:naturescompass":1,"minecraft:crafting_table":1,"minecraft:stick":4,"minecraft:wooden_pickaxe":1,"minecraft:compass":1,"minecraft:stone_pickaxe":1,"minecraft:stone_axe":1}},"DataVersion":3465}