{"stats":{"minecraft:used":{"minecraft:stone_pickaxe":131,"minecraft:wooden_pickaxe":9,"minecraft:torch":1,"minecraft:dirt":9,"minecraft:crafting_table":1,"minecraft:white_bed":1,"minecraft:iron_pickaxe":101,"minecraft:stone_axe":16,"minecraft:magma_block":13,"minecraft:sweet_berries":35,"minecraft:oak_sapling":7,"minecraft:furnace":3,"tombstone:gift":2,"minecraft:cooked_beef":4},"minecraft:crafted":{"minecraft:cooked_beef":10,"minecraft:smooth_stone":3,"minecraft:oak_planks":56,"minecraft:crafting_table":1,"minecraft:wooden_pickaxe":1,"minecraft:furnace":3,"minecraft:stone":3,"minecraft:stone_axe":1,"minecraft:cooked_mutton":5,"minecraft:air":0,"naturescompass:naturescompass":1,"minecraft:stick":8,"minecraft:iron_ingot":11,"minecraft:compass":1,"minecraft:iron_pickaxe":1,"minecraft:stone_pickaxe":1,"minecraft:white_bed":1,"minecraft:torch":4},"minecraft:broken":{"minecraft:stone_pickaxe":1},"minecraft:custom":{"minecraft:interact_with_furnace":16,"minecraft:mob_kills":10,"minecraft:interact_with_crafting_table":9,"minecraft:leave_game":1,"minecraft:time_since_death":7324,"minecraft:time_since_rest":5948,"minecraft:sprint_one_cm":68058,"minecraft:damage_taken":700,"minecraft:walk_one_cm":58202,"minecraft:drop":4,"minecraft:damage_dealt":1117,"minecraft:swim_one_cm":84749,"minecraft:fly_one_cm":131129,"minecraft:open_chest":11,"minecraft:crouch_one_cm":418,"minecraft:play_time":43798,"minecraft:deaths":1,"minecraft:sneak_time":5558,"minecraft:walk_under_water_one_cm":23075,"minecraft:jump":639,"minecraft:walk_on_water_one_cm":11641,"minecraft:total_world_time":43798,"minecraft:fall_one_cm":15696},"minecraft:dropped":{"minecraft:wheat_seeds":1,"minecraft:mangrove_roots":2,"minecraft:iron_pickaxe":1},"minecraft:killed_by":{"minecraft:skeleton":1},"minecraft:killed":{"minecraft:spider":1,"minecraft:sheep":4,"alexsmobs:cockroach":1,"minecraft:cow":4},"minecraft:picked_up":{"minecraft:magma_block":15,"minecraft:leather":6,"minecraft:oak_log":14,"minecraft:dirt":9,"minecraft:string":2,"minecraft:wheat_seeds":1,"minecraft:beef":10,"minecraft:iron_pickaxe":1,"minecraft:light_gray_wool":1,"minecraft:furnace":1,"minecraft:stick":5,"minecraft:raw_iron":61,"minecraft:sweet_berries":44,"minecraft:diamond":1,"minecraft:mangrove_roots":2,"minecraft:oak_sapling":7,"minecraft:mutton":5,"minecraft:coal":35,"minecraft:white_wool":3,"minecraft:cobblestone":120},"minecraft:mined":{"minecraft:diamond_ore":1,"minecraft:mangrove_roots":1,"minecraft:grass_block":3,"minecraft:spruce_leaves":1,"minecraft:magma_block":15,"minecraft:furnace":1,"minecraft:iron_ore":54,"minecraft:sweet_berry_bush":23,"minecraft:grass":40,"minecraft:coal_ore":35,"minecraft:oak_log":14,"minecraft:deepslate_iron_ore":9,"minecraft:dirt":6,"minecraft:stone":120,"minecraft:oak_leaves":6}},"DataVersion":3465}