{"stats":{"minecraft:used":{"minecraft:cooked_mutton":5,"minecraft:iron_shovel":1,"minecraft:stone_pickaxe":131,"minecraft:wooden_pickaxe":9,"minecraft:iron_sword":53,"minecraft:torch":3,"minecraft:dirt":13,"minecraft:crafting_table":2,"minecraft:blast_furnace":1,"minecraft:white_bed":1,"minecraft:iron_axe":20,"minecraft:bread":6,"minecraft:iron_pickaxe":133,"minecraft:stone_axe":50,"minecraft:magma_block":13,"minecraft:cobblestone":2,"minecraft:furnace":3,"minecraft:sweet_berries":35,"minecraft:oak_sapling":7,"minecraft:bucket":1,"tombstone:gift":2,"minecraft:pumpkin_pie":1,"minecraft:oak_boat":5,"minecraft:cooked_beef":10},"minecraft:crafted":{"minecraft:cooked_beef":10,"minecraft:oak_planks":56,"minecraft:smooth_stone":3,"minecraft:crafting_table":1,"minecraft:wooden_pickaxe":1,"minecraft:iron_helmet":1,"minecraft:iron_sword":1,"minecraft:furnace":3,"minecraft:blast_furnace":1,"minecraft:stone":3,"minecraft:bucket":1,"minecraft:stone_axe":1,"minecraft:cooked_mutton":5,"minecraft:air":0,"minecraft:oak_boat":1,"minecraft:iron_boots":1,"minecraft:iron_chestplate":1,"minecraft:shield":1,"minecraft:iron_axe":1,"naturescompass:naturescompass":1,"minecraft:stick":12,"minecraft:iron_ingot":45,"minecraft:compass":1,"minecraft:iron_pickaxe":2,"minecraft:stone_pickaxe":1,"minecraft:iron_leggings":1,"minecraft:white_bed":1,"minecraft:torch":4},"minecraft:broken":{"minecraft:stone_pickaxe":1},"minecraft:custom":{"minecraft:interact_with_furnace":18,"minecraft:mob_kills":39,"minecraft:interact_with_crafting_table":17,"minecraft:open_barrel":6,"minecraft:leave_game":2,"minecraft:time_since_death":79323,"minecraft:climb_one_cm":3704,"minecraft:time_since_rest":77947,"minecraft:sprint_one_cm":301906,"minecraft:damage_taken":1521,"minecraft:walk_one_cm":174320,"minecraft:drop":11,"minecraft:damage_dealt":4099,"minecraft:swim_one_cm":115059,"minecraft:talked_to_villager":3,"minecraft:fly_one_cm":562098,"minecraft:open_chest":44,"minecraft:crouch_one_cm":2133,"minecraft:play_time":115797,"tombstone:undead_killed":2,"minecraft:deaths":1,"minecraft:sneak_time":6430,"minecraft:walk_under_water_one_cm":33794,"minecraft:boat_one_cm":784369,"minecraft:jump":2390,"minecraft:interact_with_blast_furnace":7,"minecraft:walk_on_water_one_cm":22246,"minecraft:total_world_time":115797,"minecraft:fall_one_cm":76939},"minecraft:dropped":{"minecraft:stone_axe":1,"minecraft:kelp":8,"minecraft:wheat_seeds":3,"minecraft:mangrove_roots":2,"minecraft:light_gray_wool":1,"minecraft:dirt":1,"minecraft:wooden_pickaxe":1,"minecraft:iron_pickaxe":1},"minecraft:killed_by":{"minecraft:skeleton":1},"minecraft:killed":{"minecraft:spider":1,"minecraft:skeleton":2,"minecraft:sheep":13,"alexsmobs:cockroach":1,"minecraft:bee":1,"alexsmobs:flying_fish":1,"minecraft:cow":20},"minecraft:picked_up":{"minecraft:crafting_table":1,"minecraft:magma_block":15,"minecraft:leather":21,"minecraft:oak_log":78,"minecraft:dirt":14,"minecraft:string":2,"minecraft:kelp":8,"minecraft:wheat_seeds":4,"minecraft:iron_ingot":16,"minecraft:beef":44,"minecraft:oak_boat":4,"minecraft:iron_pickaxe":1,"minecraft:light_gray_wool":1,"minecraft:bamboo":24,"minecraft:furnace":3,"minecraft:stick":7,"minecraft:raw_iron":75,"minecraft:sweet_berries":80,"minecraft:torch":4,"minecraft:acacia_log":37,"minecraft:blast_furnace":1,"minecraft:white_bed":1,"minecraft:diamond":1,"minecraft:mangrove_roots":2,"minecraft:oak_sapling":15,"minecraft:mutton":19,"minecraft:coal":55,"minecraft:skeleton_skull":1,"minecraft:white_wool":12,"minecraft:cobblestone":134},"minecraft:mined":{"minecraft:diamond_ore":1,"minecraft:white_bed":1,"minecraft:kelp_plant":3,"minecraft:mangrove_roots":1,"minecraft:oak_fence":2,"minecraft:crafting_table":1,"minecraft:torch":1,"minecraft:acacia_log":1,"minecraft:blast_furnace":1,"minecraft:grass_block":7,"minecraft:decorated_pot":3,"minecraft:spruce_leaves":1,"minecraft:skeleton_skull":1,"minecraft:magma_block":15,"betterarcheology:fossiliferous_dirt":1,"minecraft:furnace":3,"minecraft:iron_ore":68,"minecraft:sweet_berry_bush":38,"minecraft:grass":64,"minecraft:oak_log":32,"minecraft:coal_ore":35,"minecraft:deepslate_iron_ore":9,"minecraft:dirt":7,"minecraft:stripped_acacia_log":1,"minecraft:bamboo":6,"minecraft:stone":134,"minecraft:oak_leaves":11}},"DataVersion":3465}