{"stats":{"minecraft:crafted":{"minecraft:crafting_table":2,"minecraft:spruce_planks":64,"minecraft:stick":32,"minecraft:iron_ingot":7,"minecraft:stone_pickaxe":3,"minecraft:iron_sword":1,"minecraft:furnace":1,"minecraft:bucket":1,"minecraft:torch":100},"minecraft:used":{"minecraft:stone_pickaxe":466,"minecraft:bread":4,"minecraft:iron_sword":8,"minecraft:torch":33,"minecraft:dirt":4,"minecraft:cobblestone":35,"minecraft:crafting_table":4,"minecraft:furnace":1,"minecraft:bucket":1},"minecraft:broken":{"minecraft:stone_pickaxe":3},"minecraft:custom":{"minecraft:time_since_rest":3431,"minecraft:interact_with_furnace":4,"minecraft:sprint_one_cm":84919,"minecraft:damage_taken":50,"minecraft:walk_one_cm":116993,"minecraft:mob_kills":8,"minecraft:damage_dealt":266,"minecraft:swim_one_cm":8113,"minecraft:interact_with_crafting_table":8,"minecraft:fly_one_cm":136658,"minecraft:open_chest":7,"minecraft:crouch_one_cm":7484,"minecraft:play_time":53100,"minecraft:sneak_time":2534,"minecraft:walk_under_water_one_cm":7683,"minecraft:jump":792,"minecraft:leave_game":1,"minecraft:time_since_death":53100,"minecraft:walk_on_water_one_cm":6110,"minecraft:sleep_in_bed":2,"minecraft:total_world_time":53100,"minecraft:fall_one_cm":10186},"minecraft:killed":{"alexsmobs:lobster":1,"minecraft:salmon":7},"minecraft:picked_up":{"minecraft:stick":5,"minecraft:crafting_table":3,"minecraft:raw_iron":13,"minecraft:smooth_basalt":6,"minecraft:salmon":6,"minecraft:torch":4,"minecraft:tuff":17,"minecraft:spruce_sapling":5,"minecraft:dirt":15,"minecraft:raw_copper":26,"minecraft:cobbled_deepslate":148,"minecraft:bone_meal":1,"minecraft:bread":36,"minecraft:coal":25,"minecraft:cobblestone":237},"minecraft:mined":{"minecraft:infested_deepslate":1,"minecraft:tuff":17,"minecraft:iron_ore":13,"minecraft:crafting_table":3,"minecraft:torch":3,"minecraft:grass":4,"minecraft:grass_block":2,"minecraft:coal_ore":25,"minecraft:dirt":10,"minecraft:copper_ore":7,"minecraft:cobblestone":3,"minecraft:smooth_basalt":6,"minecraft:stone":236,"minecraft:deepslate":152,"minecraft:wall_torch":1,"minecraft:infested_stone":1}},"DataVersion":3465}