{"stats":{"minecraft:crafted":{"minecraft:crafting_table":2,"minecraft:spruce_planks":64,"minecraft:iron_sword":1,"minecraft:furnace":1,"minecraft:bucket":1,"minecraft:stone_axe":1,"naturescompass:naturescompass":1,"minecraft:stick":32,"minecraft:iron_ingot":9,"minecraft:compass":1,"minecraft:stone_pickaxe":3,"minecraft:white_bed":1,"minecraft:spruce_boat":1,"minecraft:torch":100},"minecraft:used":{"minecraft:stone_pickaxe":500,"minecraft:chest":1,"minecraft:iron_sword":50,"minecraft:torch":50,"minecraft:dirt":4,"minecraft:crafting_table":7,"minecraft:white_bed":2,"minecraft:spruce_boat":2,"minecraft:mangrove_log":1,"minecraft:bread":17,"minecraft:stone_axe":38,"minecraft:cobblestone":131,"minecraft:mangrove_roots":1,"minecraft:furnace":1,"minecraft:bucket":1,"minecraft:cobbled_deepslate":3},"minecraft:broken":{"minecraft:stone_pickaxe":3},"minecraft:custom":{"minecraft:interact_with_furnace":7,"minecraft:mob_kills":29,"minecraft:interact_with_crafting_table":12,"minecraft:open_barrel":1,"minecraft:leave_game":1,"minecraft:time_since_death":101100,"minecraft:sleep_in_bed":6,"minecraft:climb_one_cm":998,"minecraft:time_since_rest":784,"minecraft:sprint_one_cm":301522,"minecraft:damage_taken":290,"minecraft:walk_one_cm":305442,"minecraft:drop":3,"minecraft:damage_dealt":1114,"minecraft:talked_to_villager":1,"minecraft:fly_one_cm":300720,"minecraft:swim_one_cm":32561,"minecraft:open_chest":17,"minecraft:crouch_one_cm":8644,"minecraft:play_time":101100,"minecraft:sneak_time":2964,"minecraft:walk_under_water_one_cm":31946,"minecraft:boat_one_cm":35370,"minecraft:jump":1751,"minecraft:interact_with_brewingstand":1,"minecraft:walk_on_water_one_cm":19743,"minecraft:interact_with_smoker":1,"minecraft:total_world_time":101100,"minecraft:fall_one_cm":33855},"minecraft:dropped":{"minecraft:wheat_seeds":3,"minecraft:white_bed":1,"minecraft:spider_eye":1},"minecraft:killed":{"alexsmobs:lobster":1,"minecraft:salmon":7,"minecraft:cod":17,"minecraft:sheep":4},"minecraft:picked_up":{"minecraft:crafting_table":6,"minecraft:splash_potion":2,"minecraft:salmon":6,"minecraft:acacia_wood":3,"minecraft:tuff":17,"minecraft:dirt":19,"minecraft:raw_copper":26,"minecraft:wheat_seeds":4,"minecraft:cobbled_deepslate":148,"minecraft:bamboo":8,"minecraft:sugar_cane":3,"minecraft:chest":1,"minecraft:mangrove_log":36,"minecraft:stick":9,"minecraft:raw_iron":13,"minecraft:smooth_basalt":6,"minecraft:oak_fence":4,"minecraft:torch":7,"minecraft:spruce_sapling":5,"minecraft:white_bed":2,"minecraft:carrot":49,"minecraft:dark_oak_log":15,"minecraft:spider_eye":1,"minecraft:sugar":3,"minecraft:spruce_boat":2,"minecraft:bone_meal":2,"minecraft:mangrove_roots":1,"minecraft:bread":36,"minecraft:cod":17,"minecraft:black_wool":1,"minecraft:mutton":5,"minecraft:coal":25,"minecraft:white_wool":3,"minecraft:cobblestone":242},"minecraft:mined":{"minecraft:infested_deepslate":1,"minecraft:tuff":17,"minecraft:brown_mushroom":1,"minecraft:white_bed":1,"minecraft:mangrove_roots":1,"minecraft:oak_fence":4,"minecraft:crafting_table":6,"minecraft:granite":2,"minecraft:torch":5,"minecraft:grass_block":8,"minecraft:decorated_pot":1,"minecraft:structure_void":1,"minecraft:chest":1,"minecraft:copper_ore":7,"minecraft:cobblestone":9,"minecraft:sugar_cane":1,"minecraft:red_mushroom":1,"minecraft:wall_torch":2,"minecraft:large_fern":4,"minecraft:tall_seagrass":5,"minecraft:iron_ore":13,"minecraft:acacia_wood":3,"minecraft:moss_carpet":1,"minecraft:mangrove_leaves":1,"minecraft:brown_bed":1,"minecraft:grass":32,"minecraft:coal_ore":25,"minecraft:dirt_path":1,"minecraft:dirt":11,"minecraft:mangrove_log":26,"minecraft:smooth_basalt":6,"minecraft:bamboo":2,"minecraft:stone":236,"minecraft:oak_leaves":2,"minecraft:deepslate":152,"minecraft:infested_stone":1}},"DataVersion":3465}