{"stats":{"minecraft:used":{"minecraft:stone_pickaxe":423,"minecraft:bread":4,"minecraft:iron_sword":8,"minecraft:torch":30,"minecraft:dirt":4,"minecraft:cobblestone":33,"minecraft:crafting_table":4,"minecraft:furnace":1},"minecraft:picked_up":{"minecraft:crafting_table":3,"minecraft:raw_iron":13,"minecraft:salmon":6,"minecraft:torch":4,"minecraft:dirt":14,"minecraft:raw_copper":26,"minecraft:cobbled_deepslate":128,"minecraft:bone_meal":1,"minecraft:bread":36,"minecraft:coal":25,"minecraft:cobblestone":236},"minecraft:broken":{"minecraft:stone_pickaxe":3},"minecraft:mined":{"minecraft:infested_deepslate":1,"minecraft:iron_ore":13,"minecraft:torch":3,"minecraft:crafting_table":3,"minecraft:grass":4,"minecraft:coal_ore":25,"minecraft:grass_block":2,"minecraft:dirt":10,"minecraft:copper_ore":7,"minecraft:cobblestone":3,"minecraft:stone":236,"minecraft:wall_torch":1,"minecraft:deepslate":132,"minecraft:infested_stone":1},"minecraft:killed":{"alexsmobs:lobster":1,"minecraft:salmon":7},"minecraft:custom":{"minecraft:time_since_rest":33247,"minecraft:interact_with_furnace":3,"minecraft:sprint_one_cm":70047,"minecraft:damage_taken":50,"minecraft:walk_one_cm":80021,"minecraft:mob_kills":8,"minecraft:damage_dealt":260,"minecraft:swim_one_cm":8113,"minecraft:interact_with_crafting_table":6,"minecraft:fly_one_cm":104290,"minecraft:open_chest":3,"minecraft:crouch_one_cm":7197,"minecraft:play_time":43451,"minecraft:sneak_time":2410,"minecraft:walk_under_water_one_cm":7683,"minecraft:jump":563,"minecraft:leave_game":1,"minecraft:walk_on_water_one_cm":6110,"minecraft:time_since_death":43451,"minecraft:sleep_in_bed":1,"minecraft:total_world_time":43451,"minecraft:fall_one_cm":9648},"minecraft:crafted":{"minecraft:crafting_table":2,"minecraft:spruce_planks":64,"minecraft:stick":32,"minecraft:iron_ingot":7,"minecraft:stone_pickaxe":3,"minecraft:iron_sword":1,"minecraft:furnace":1,"minecraft:torch":100}},"DataVersion":3465}