{"stats":{"minecraft:used":{"minecraft:stone_pickaxe":286,"minecraft:bread":3,"minecraft:iron_sword":5,"minecraft:torch":16,"minecraft:dirt":4,"minecraft:cobblestone":23,"minecraft:crafting_table":3,"minecraft:furnace":1},"minecraft:picked_up":{"minecraft:crafting_table":2,"minecraft:raw_iron":13,"minecraft:salmon":4,"minecraft:torch":1,"minecraft:dirt":12,"minecraft:raw_copper":26,"minecraft:bone_meal":1,"minecraft:bread":36,"minecraft:coal":25,"minecraft:cobblestone":232},"minecraft:broken":{"minecraft:stone_pickaxe":2},"minecraft:mined":{"minecraft:infested_deepslate":1,"minecraft:iron_ore":13,"minecraft:crafting_table":2,"minecraft:grass":3,"minecraft:coal_ore":25,"minecraft:grass_block":2,"minecraft:dirt":10,"minecraft:copper_ore":7,"minecraft:cobblestone":2,"minecraft:stone":233,"minecraft:wall_torch":1,"minecraft:deepslate":1},"minecraft:killed":{"minecraft:salmon":5},"minecraft:custom":{"minecraft:time_since_rest":22247,"minecraft:interact_with_furnace":2,"minecraft:sprint_one_cm":49203,"minecraft:damage_taken":50,"minecraft:walk_one_cm":56505,"minecraft:mob_kills":5,"minecraft:damage_dealt":150,"minecraft:swim_one_cm":8017,"minecraft:interact_with_crafting_table":5,"minecraft:fly_one_cm":81294,"minecraft:open_chest":3,"minecraft:crouch_one_cm":7033,"minecraft:play_time":32451,"minecraft:sneak_time":2272,"minecraft:walk_under_water_one_cm":3818,"minecraft:jump":373,"minecraft:walk_on_water_one_cm":3844,"minecraft:time_since_death":32451,"minecraft:sleep_in_bed":1,"minecraft:total_world_time":32451,"minecraft:fall_one_cm":6544},"minecraft:crafted":{"minecraft:crafting_table":1,"minecraft:spruce_planks":64,"minecraft:stick":32,"minecraft:iron_ingot":4,"minecraft:stone_pickaxe":2,"minecraft:iron_sword":1,"minecraft:furnace":1,"minecraft:torch":100}},"DataVersion":3465}