{"stats":{"minecraft:picked_up":{"minecraft:dirt":3},"minecraft:used":{"minecraft:dirt":3},"minecraft:mined":{"minecraft:grass_block":2,"minecraft:dirt":1},"minecraft:custom":{"minecraft:jump":59,"minecraft:time_since_rest":8451,"minecraft:walk_on_water_one_cm":1835,"minecraft:sprint_one_cm":11902,"minecraft:play_time":8451,"minecraft:damage_taken":50,"minecraft:time_since_death":8451,"minecraft:walk_one_cm":6811,"minecraft:sneak_time":11,"minecraft:total_world_time":8451,"minecraft:walk_under_water_one_cm":144,"minecraft:swim_one_cm":2696,"minecraft:fall_one_cm":2130,"minecraft:fly_one_cm":15502}},"DataVersion":3465}