{"stats":{"minecraft:broken":{"minecraft:stone_pickaxe":1},"minecraft:used":{"minecraft:torch":5,"minecraft:dirt":3,"minecraft:cobblestone":23,"minecraft:crafting_table":1,"minecraft:bread":2,"minecraft:stone_pickaxe":139},"minecraft:picked_up":{"minecraft:raw_copper":26,"minecraft:crafting_table":1,"minecraft:bread":36,"minecraft:coal":25,"minecraft:dirt":12,"minecraft:cobblestone":101},"minecraft:mined":{"minecraft:grass":1,"minecraft:grass_block":2,"minecraft:coal_ore":25,"minecraft:dirt":10,"minecraft:copper_ore":7,"minecraft:cobblestone":2,"minecraft:stone":102,"minecraft:crafting_table":1},"minecraft:custom":{"minecraft:open_chest":3,"minecraft:time_since_rest":10247,"minecraft:play_time":20451,"minecraft:sprint_one_cm":32978,"minecraft:damage_taken":50,"minecraft:walk_one_cm":35480,"minecraft:sneak_time":11,"minecraft:walk_under_water_one_cm":144,"minecraft:jump":196,"minecraft:time_since_death":20451,"minecraft:walk_on_water_one_cm":2479,"minecraft:sleep_in_bed":1,"minecraft:total_world_time":20451,"minecraft:swim_one_cm":2696,"minecraft:interact_with_crafting_table":2,"minecraft:fall_one_cm":3653,"minecraft:fly_one_cm":46968},"minecraft:crafted":{"minecraft:torch":8,"minecraft:crafting_table":1,"minecraft:spruce_planks":64,"minecraft:stick":32,"minecraft:stone_pickaxe":1}},"DataVersion":3465}