{"stats":{"minecraft:mined":{"minecraft:infested_deepslate":1,"minecraft:tuff":17,"minecraft:white_bed":2,"minecraft:mangrove_roots":1,"minecraft:glow_lichen":3,"minecraft:granite":2,"minecraft:acacia_log":5,"minecraft:grass_block":263,"minecraft:decorated_pot":1,"minecraft:cherry_wood":36,"minecraft:red_mushroom":1,"minecraft:rooted_dirt":7,"minecraft:large_fern":5,"minecraft:hay_block":1,"minecraft:tall_seagrass":5,"minecraft:iron_ore":13,"minecraft:cobbled_deepslate":3,"minecraft:acacia_wood":3,"minecraft:moss_carpet":1,"minecraft:brown_bed":1,"minecraft:dirt_path":1,"minecraft:bamboo":2,"minecraft:stone":1319,"minecraft:podzol":18,"minecraft:brown_mushroom":1,"minecraft:melon_stem":1,"minecraft:oak_fence":4,"minecraft:crafting_table":8,"minecraft:torch":38,"minecraft:mangrove_wood":1,"minecraft:honey_block":1,"minecraft:structure_void":1,"minecraft:chest":1,"minecraft:tall_grass":55,"minecraft:copper_ore":7,"minecraft:cobblestone":26,"minecraft:sugar_cane":1,"minecraft:wall_torch":8,"minecraft:coarse_dirt":1,"minecraft:wheat":13,"minecraft:white_carpet":1,"minecraft:stone_brick_stairs":7,"minecraft:mangrove_planks":6,"minecraft:mangrove_leaves":4,"minecraft:mangrove_slab":7,"minecraft:grass":456,"minecraft:coal_ore":120,"minecraft:oak_log":7,"minecraft:cocoa":1,"minecraft:cherry_leaves":14,"minecraft:acacia_fence":2,"minecraft:sunflower":3,"minecraft:dirt":543,"minecraft:mangrove_log":30,"minecraft:smooth_basalt":6,"minecraft:oak_leaves":4,"minecraft:deepslate":152,"minecraft:infested_stone":1},"minecraft:killed":{"alexsmobs:lobster":1,"minecraft:spider":2,"minecraft:cod":17,"minecraft:salmon":7,"minecraft:sheep":4,"minecraft:zombie":1},"minecraft:broken":{"minecraft:iron_shovel":2,"minecraft:stone_pickaxe":12,"minecraft:iron_axe":1,"minecraft:stone_axe":2,"minecraft:iron_pickaxe":1,"minecraft:stone_shovel":1},"minecraft:crafted":{"minecraft:stone_shovel":1,"minecraft:furnace":2,"minecraft:stone":104,"sophisticatedbackpacks:crafting_upgrade":1,"minecraft:white_carpet":3,"minecraft:cooked_mutton":5,"minecraft:diamond_helmet":2,"minecraft:diamond_leggings":1,"minecraft:stone_pickaxe":12,"minecraft:chest":3,"minecraft:diamond_boots":1,"minecraft:acacia_fence":87,"minecraft:spruce_boat":2,"minecraft:stone_hoe":1,"minecraft:stone_bricks":104,"minecraft:emerald":112,"sophisticatedbackpacks:backpack":1,"minecraft:crafting_table":4,"minecraft:spruce_planks":1992,"minecraft:iron_sword":1,"minecraft:mangrove_planks":368,"minecraft:bucket":1,"minecraft:stone_axe":2,"sophisticatedbackpacks:upgrade_base":1,"minecraft:air":0,"minecraft:stone_brick_stairs":12,"naturescompass:naturescompass":1,"minecraft:stick":3968,"minecraft:compass":1,"minecraft:iron_ingot":13,"minecraft:iron_shovel":1,"minecraft:white_bed":1,"minecraft:acacia_planks":180,"minecraft:torch":100,"minecraft:shears":1,"minecraft:mangrove_slab":438,"minecraft:diamond_chestplate":1},"minecraft:used":{"minecraft:cherry_sapling":2,"minecraft:acacia_log":4,"minecraft:iron_shovel":656,"minecraft:stone_shovel":131,"minecraft:chest":2,"minecraft:iron_sword":65,"minecraft:stone_hoe":98,"minecraft:torch":142,"minecraft:dirt":375,"minecraft:white_carpet":4,"minecraft:acacia_sapling":3,"minecraft:spruce_boat":4,"minecraft:mangrove_log":2,"minecraft:iron_axe":83,"minecraft:rooted_dirt":1,"minecraft:stone_brick_stairs":17,"minecraft:stone_bricks":82,"minecraft:mangrove_roots":1,"minecraft:mangrove_slab":445,"minecraft:furnace":2,"minecraft:acacia_fence":71,"minecraft:egg":4,"minecraft:cobbled_deepslate":21,"minecraft:wheat_seeds":93,"minecraft:water_bucket":8,"minecraft:stone_pickaxe":1607,"minecraft:mangrove_planks":155,"minecraft:crafting_table":10,"minecraft:white_bed":3,"minecraft:sunflower":4,"minecraft:bread":37,"minecraft:iron_pickaxe":107,"minecraft:spruce_sapling":4,"minecraft:stone_axe":78,"minecraft:cobblestone":176,"minecraft:bucket":9},"minecraft:dropped":{"minecraft:iron_sword":1,"minecraft:wheat_seeds":7,"minecraft:cobblestone":33,"minecraft:stick":571,"minecraft:emerald":13,"minecraft:diamond_helmet":1,"minecraft:string":10,"minecraft:sugar_cane":3,"minecraft:cocoa_beans":3,"sophisticatedbackpacks:backpack":1,"minecraft:white_bed":1,"minecraft:melon_seeds":1,"minecraft:spider_eye":2,"minecraft:bamboo":8},"minecraft:picked_up":{"sophisticatedbackpacks:gold_backpack":1,"minecraft:cocoa_beans":3,"minecraft:coarse_dirt":1,"minecraft:crafting_table":7,"minecraft:wheat":13,"minecraft:splash_potion":2,"minecraft:stone_brick_stairs":7,"minecraft:string":26,"minecraft:raw_copper":26,"minecraft:white_carpet":1,"minecraft:iron_shovel":2,"minecraft:cobbled_deepslate":151,"minecraft:azalea":1,"minecraft:sugar_cane":3,"minecraft:chest":1,"minecraft:mangrove_log":122,"minecraft:egg":4,"minecraft:dark_oak_sapling":3,"minecraft:stick":291,"minecraft:raw_iron":13,"minecraft:acacia_fence":2,"minecraft:oak_fence":4,"minecraft:torch":43,"minecraft:acacia_log":49,"minecraft:carrot":49,"minecraft:rotten_flesh":6,"minecraft:hay_block":1,"minecraft:mangrove_roots":1,"minecraft:mutton":5,"minecraft:cod":17,"minecraft:white_wool":6,"minecraft:cobblestone":1359,"minecraft:salmon":6,"minecraft:leather":4,"alexsmobs:acacia_blossom":1,"minecraft:acacia_wood":3,"minecraft:potato":33,"minecraft:tuff":17,"minecraft:oak_log":9,"minecraft:mangrove_slab":7,"minecraft:dirt":834,"minecraft:wheat_seeds":130,"minecraft:bamboo":8,"minecraft:mangrove_planks":6,"minecraft:acacia_sapling":3,"minecraft:iron_sword":1,"minecraft:smooth_basalt":6,"minecraft:poisonous_potato":3,"minecraft:spruce_sapling":11,"minecraft:white_bed":3,"minecraft:spruce_log":360,"minecraft:dark_oak_log":15,"minecraft:spider_eye":2,"minecraft:sugar":3,"minecraft:spruce_boat":4,"minecraft:honey_block":1,"minecraft:cherry_wood":33,"minecraft:cherry_sapling":2,"minecraft:bone_meal":2,"minecraft:emerald":16,"minecraft:bread":36,"minecraft:rooted_dirt":7,"minecraft:oak_sapling":4,"minecraft:black_wool":1,"minecraft:melon_seeds":3,"minecraft:coal":120,"minecraft:sunflower":4},"minecraft:custom":{"minecraft:mob_kills":32,"minecraft:animals_bred":5,"minecraft:interact_with_crafting_table":58,"minecraft:open_barrel":1,"minecraft:leave_game":3,"minecraft:time_since_death":269682,"minecraft:climb_one_cm":1040,"minecraft:sprint_one_cm":606284,"minecraft:walk_one_cm":958856,"minecraft:drop":28,"minecraft:talked_to_villager":64,"minecraft:play_time":269682,"minecraft:sneak_time":4044,"minecraft:walk_under_water_one_cm":33619,"minecraft:boat_one_cm":68385,"minecraft:jump":3601,"minecraft:interact_with_brewingstand":1,"minecraft:walk_on_water_one_cm":24516,"minecraft:total_world_time":269682,"minecraft:interact_with_furnace":17,"minecraft:traded_with_villager":117,"minecraft:sleep_in_bed":22,"minecraft:time_since_rest":1623,"minecraft:damage_taken":700,"minecraft:damage_dealt":1814,"minecraft:swim_one_cm":49885,"minecraft:fly_one_cm":703004,"minecraft:open_chest":49,"minecraft:crouch_one_cm":9677,"tombstone:undead_killed":1,"minecraft:interact_with_smoker":1,"minecraft:fall_one_cm":66231}},"DataVersion":3465}