{"stats":{"minecraft:crafted":{"minecraft:crafting_table":2,"minecraft:spruce_planks":64,"minecraft:iron_sword":1,"minecraft:furnace":1,"minecraft:bucket":1,"naturescompass:naturescompass":1,"minecraft:stick":32,"minecraft:iron_ingot":9,"minecraft:compass":1,"minecraft:stone_pickaxe":3,"minecraft:white_bed":1,"minecraft:torch":100},"minecraft:used":{"minecraft:stone_pickaxe":493,"minecraft:iron_sword":36,"minecraft:torch":40,"minecraft:dirt":4,"minecraft:crafting_table":5,"minecraft:white_bed":1,"minecraft:bread":10,"minecraft:cobblestone":80,"minecraft:furnace":1,"minecraft:bucket":1},"minecraft:broken":{"minecraft:stone_pickaxe":3},"minecraft:custom":{"minecraft:interact_with_furnace":7,"minecraft:mob_kills":22,"minecraft:interact_with_crafting_table":10,"minecraft:open_barrel":1,"minecraft:leave_game":1,"minecraft:time_since_death":77100,"minecraft:sleep_in_bed":4,"minecraft:time_since_rest":2386,"minecraft:sprint_one_cm":181672,"minecraft:damage_taken":140,"minecraft:walk_one_cm":223911,"minecraft:drop":2,"minecraft:damage_dealt":904,"minecraft:talked_to_villager":1,"minecraft:fly_one_cm":219412,"minecraft:swim_one_cm":25854,"minecraft:open_chest":12,"minecraft:crouch_one_cm":7800,"minecraft:play_time":77100,"minecraft:sneak_time":2705,"minecraft:walk_under_water_one_cm":24830,"minecraft:jump":1253,"minecraft:interact_with_brewingstand":1,"minecraft:walk_on_water_one_cm":12479,"minecraft:total_world_time":77100,"minecraft:fall_one_cm":22023},"minecraft:dropped":{"minecraft:white_bed":1,"minecraft:spider_eye":1},"minecraft:killed":{"alexsmobs:lobster":1,"minecraft:salmon":7,"minecraft:cod":10,"minecraft:sheep":4},"minecraft:picked_up":{"minecraft:crafting_table":4,"minecraft:splash_potion":2,"minecraft:salmon":6,"minecraft:acacia_wood":3,"minecraft:tuff":17,"minecraft:dirt":17,"minecraft:raw_copper":26,"minecraft:cobbled_deepslate":148,"minecraft:chest":1,"minecraft:stick":5,"minecraft:raw_iron":13,"minecraft:smooth_basalt":6,"minecraft:oak_fence":4,"minecraft:torch":7,"minecraft:spruce_sapling":5,"minecraft:white_bed":2,"minecraft:carrot":49,"minecraft:spider_eye":1,"minecraft:sugar":3,"minecraft:bone_meal":1,"minecraft:bread":36,"minecraft:cod":10,"minecraft:black_wool":1,"minecraft:mutton":5,"minecraft:coal":25,"minecraft:white_wool":3,"minecraft:cobblestone":238},"minecraft:mined":{"minecraft:infested_deepslate":1,"minecraft:tuff":17,"minecraft:brown_mushroom":1,"minecraft:white_bed":1,"minecraft:oak_fence":4,"minecraft:crafting_table":4,"minecraft:torch":5,"minecraft:grass_block":7,"minecraft:decorated_pot":1,"minecraft:chest":1,"minecraft:copper_ore":7,"minecraft:cobblestone":4,"minecraft:red_mushroom":1,"minecraft:wall_torch":2,"minecraft:large_fern":3,"minecraft:tall_seagrass":5,"minecraft:iron_ore":13,"minecraft:acacia_wood":3,"minecraft:moss_carpet":1,"minecraft:brown_bed":1,"minecraft:grass":19,"minecraft:coal_ore":25,"minecraft:dirt":11,"minecraft:mangrove_log":2,"minecraft:smooth_basalt":6,"minecraft:stone":236,"minecraft:oak_leaves":2,"minecraft:deepslate":152,"minecraft:infested_stone":1}},"DataVersion":3465}